Vehicle_ID,Frame_ID,Total_Frames,Global_Time,Local_X,Local_Y,Global_X,Global_Y,v_length,v_Width,v_Class,v_Vel,v_Acc,Lane_ID,O_Zone,D_Zone,Int_ID,Section_ID,Direction,Movement,Preceding,Following,Space_Headway,Time_Headway,Location,time_s,leader_id,gap_distance,leader_vel,rel_vel,time_headway_s,ttc_s,is_near_collision,is_sudden_braking,is_lane_change_point,is_car_following_candidate,ego_Local_Y,is_ego,scenario_label,distance_from_ego_y
971,2631,582,1118847242000,5.699,910.537,6451782.76,1872752.186,16.0,8.4,2,22.44,11.2,1,,,,,,,966,980,76.65,3.42,us-101,1118847242.0,966.0,76.654,35.38,-12.940000000000001,3.415953654188948,inf,False,False,False,False,870.312,False,lane_change,40.22500000000002
980,2631,598,1118847242000,6.157,872.321,6451753.771,1872777.059,16.0,8.4,2,15.12,1.96,1,,,,,,,971,987,38.22,2.53,us-101,1118847242.0,971.0,38.21600000000001,22.44,-7.320000000000002,2.527513227513228,inf,False,False,False,False,870.312,False,lane_change,2.0090000000000146
983,2631,477,1118847242000,18.271,947.738,6451802.605,1872718.277,21.0,8.5,2,43.58,11.18,2,,,,,,,979,990,93.95,2.16,us-101,1118847242.0,,,,,,inf,False,False,False,False,870.312,False,lane_change,77.42600000000004
986,2631,481,1118847242000,43.897,870.312,6451727.363,1872750.026,24.5,8.5,3,37.01,9.49,4,,,,,,,981,"1,000",150.84,4.08,us-101,1118847242.0,,,,,,inf,False,False,False,False,870.312,True,lane_change,0.0
987,2631,597,1118847242000,5.316,833.847,6451725.417,1872803.121,14.5,6.9,2,10.05,-0.91,1,,,,,,,980,997,38.47,3.83,us-101,1118847242.0,980.0,38.474000000000046,15.12,-5.0699999999999985,3.828258706467666,inf,False,False,False,False,870.312,False,lane_change,-36.46500000000003
989,2631,625,1118847242000,31.862,881.137,6451743.404,1872751.943,57.5,8.5,3,18.45,-6.65,3,,,,,,,977,996,156.03,8.46,us-101,1118847242.0,,,,,,inf,False,True,False,False,870.312,False,lane_change,10.824999999999932
990,2631,460,1118847242000,17.656,881.839,6451753.3,1872762.159,20.0,7.4,2,35.88,7.08,2,,,,,,,983,991,65.9,1.84,us-101,1118847242.0,983.0,65.899,43.58,-7.699999999999996,1.8366499442586397,inf,False,False,False,True,870.312,False,lane_change,11.527000000000044
991,2631,454,1118847242000,17.187,828.803,6451713.805,1872797.526,13.0,7.4,2,35.49,-3.81,2,,,,,,,990,"1,001",53.04,1.49,us-101,1118847242.0,990.0,53.03600000000006,35.88,-0.39000000000000057,1.4943927867004805,inf,False,True,False,True,870.312,False,lane_change,-41.509000000000015
992,2631,479,1118847242000,52.369,826.069,6451688.529,1872772.904,16.5,8.4,2,39.28,-6.52,5,,,,,,,982,998,147.44,3.75,us-101,1118847242.0,982.0,147.43600000000004,40.7,-1.4200000000000017,3.7534623217922616,inf,False,True,False,False,870.312,False,lane_change,-44.24300000000005
996,2631,552,1118847242000,30.061,799.651,6451683.404,1872807.122,14.5,8.5,2,21.27,-1.45,3,,,,,,,989,"1,008",81.49,3.83,us-101,1118847242.0,989.0,81.48599999999999,18.45,2.8200000000000003,3.831029619181946,28.895744680851056,False,False,False,False,870.312,False,lane_change,-70.66100000000006
997,2631,601,1118847242000,5.592,807.388,6451705.375,1872820.385,13.5,7.4,2,10.36,-0.04,1,,,,,,,987,"1,005",26.46,2.55,us-101,1118847242.0,987.0,26.458999999999946,10.05,0.3099999999999987,2.553957528957524,85.35161290322598,False,False,False,False,870.312,False,lane_change,-62.92399999999998
998,2631,479,1118847242000,52.812,770.718,6451646.687,1872809.108,13.5,6.9,2,40.02,0.36,5,,,,,,,992,"1,002",55.35,1.38,us-101,1118847242.0,992.0,55.351,39.28,0.740000000000002,1.3830834582708644,74.79864864864845,False,False,False,True,870.312,False,lane_change,-99.59400000000005
1000,2631,470,1118847242000,42.663,771.141,6451653.702,1872816.454,50.0,8.5,3,40.05,0.27,4,,,,,,,986,"1,007",99.17,2.48,us-101,1118847242.0,986.0,99.17100000000005,37.01,3.039999999999999,2.4761797752809005,32.62203947368423,False,False,False,False,870.312,False,lane_change,-99.17100000000005
971,2632,582,1118847242100,5.741,912.837,6451784.486,1872750.63,16.0,8.4,2,23.62,10.98,1,,,,,,,966,980,77.89,3.3,us-101,1118847242.1,966.0,77.89300000000003,36.24,-12.620000000000001,3.2977561388653696,inf,False,False,False,False,874.098,False,lane_change,38.73900000000003
980,2632,598,1118847242100,6.161,873.818,6451754.873,1872776.085,16.0,8.4,2,15.55,6.02,1,,,,,,,971,987,39.02,2.51,us-101,1118847242.1,971.0,39.019000000000005,23.62,-8.07,2.509260450160772,inf,False,False,False,False,874.098,False,lane_change,-0.2799999999999727
983,2632,477,1118847242100,18.349,952.183,6451805.915,1872715.296,21.0,8.5,2,44.44,6.39,2,,,,,,,979,990,94.0,2.12,us-101,1118847242.1,,,,,,inf,False,False,False,False,874.098,False,lane_change,78.08500000000004
986,2632,481,1118847242100,43.906,874.098,6451730.154,1872747.558,24.5,8.5,3,37.83,5.15,4,,,,,,,981,"1,000",152.07,4.02,us-101,1118847242.1,,,,,,inf,False,False,False,False,874.098,True,lane_change,0.0
987,2632,597,1118847242100,5.318,834.841,6451726.167,1872802.459,14.5,6.9,2,9.98,-0.15,1,,,,,,,980,997,38.98,3.91,us-101,1118847242.1,980.0,38.976999999999975,15.55,-5.57,3.9055110220440854,inf,False,False,False,False,874.098,False,lane_change,-39.25699999999995
989,2632,625,1118847242100,31.85,882.935,6451744.758,1872750.769,57.5,8.5,3,17.91,-4.44,3,,,,,,,977,996,158.22,8.83,us-101,1118847242.1,,,,,,inf,False,True,False,False,874.098,False,lane_change,8.836999999999989
990,2632,460,1118847242100,17.664,885.448,6451756.015,1872759.76,20.0,7.4,2,36.65,8.69,2,,,,,,,983,991,66.73,1.82,us-101,1118847242.1,983.0,66.73500000000001,44.44,-7.789999999999999,1.8208731241473401,inf,False,False,False,True,874.098,False,lane_change,11.350000000000023
991,2632,454,1118847242100,17.081,832.326,6451716.508,1872795.289,13.0,7.4,2,35.19,-2.45,2,,,,,,,990,"1,001",53.12,1.51,us-101,1118847242.1,990.0,53.12199999999996,36.65,-1.4600000000000009,1.50957658425689,inf,False,False,False,True,874.098,False,lane_change,-41.771999999999935
992,2632,479,1118847242100,52.281,829.925,6451691.45,1872770.451,16.5,8.4,2,38.96,-0.27,5,,,,,,,982,998,147.66,3.79,us-101,1118847242.1,982.0,147.6640000000001,40.84,-1.8800000000000026,3.790143737166327,inf,False,False,False,False,874.098,False,lane_change,-44.173
996,2632,552,1118847242100,30.026,801.773,6451685.026,1872805.743,14.5,8.5,2,21.12,-1.76,3,,,,,,,989,"1,008",81.16,3.84,us-101,1118847242.1,989.0,81.16199999999992,17.91,3.210000000000001,3.842897727272723,25.284112149532678,False,False,False,False,874.098,False,lane_change,-72.32499999999993
997,2632,601,1118847242100,5.576,808.425,6451706.163,1872819.713,13.5,7.4,2,10.36,-0.06,1,,,,,,,987,"1,005",26.42,2.55,us-101,1118847242.1,987.0,26.416000000000054,9.98,0.379999999999999,2.549806949806955,69.51578947368453,False,False,False,False,874.098,False,lane_change,-65.673
998,2632,479,1118847242100,52.787,774.72,6451649.709,1872806.488,13.5,6.9,2,40.07,0.67,5,,,,,,,992,"1,002",55.21,1.38,us-101,1118847242.1,992.0,55.20499999999993,38.96,1.1099999999999994,1.3777140004991246,49.734234234234194,False,False,False,True,874.098,False,lane_change,-99.37799999999993
1000,2632,470,1118847242100,42.638,775.147,6451656.725,1872813.834,50.0,8.5,3,40.09,0.42,4,,,,,,,986,"1,007",98.95,2.47,us-101,1118847242.1,986.0,98.95099999999991,37.83,2.260000000000005,2.4682215016213496,43.78362831858393,False,False,False,False,874.098,False,lane_change,-98.95099999999991
971,2633,582,1118847242200,5.802,915.284,6451786.298,1872748.974,16.0,8.4,2,24.47,6.25,1,,,,,,,966,980,79.13,3.23,us-101,1118847242.2,966.0,79.13400000000001,37.44,-12.969999999999999,3.2339190845933805,inf,False,False,False,False,877.895,False,lane_change,37.38900000000001
980,2633,598,1118847242200,6.123,875.371,6451756.058,1872775.092,16.0,8.4,2,16.36,10.73,1,,,,,,,971,987,39.91,2.44,us-101,1118847242.2,971.0,39.91300000000001,24.47,-8.11,2.4396699266503674,inf,False,False,False,False,877.895,False,lane_change,-2.524000000000001
983,2633,477,1118847242200,18.387,956.688,6451809.309,1872712.296,21.0,8.5,2,44.9,2.21,2,,,,,,,979,990,93.99,2.09,us-101,1118847242.2,,,,,,inf,False,False,False,False,877.895,False,lane_change,78.793
986,2633,481,1118847242200,43.899,877.895,6451733.006,1872745.059,24.5,8.5,3,38.42,6.84,4,,,,,,,981,"1,000",153.27,3.99,us-101,1118847242.2,,,,,,inf,False,False,False,False,877.895,True,lane_change,0.0
987,2633,597,1118847242200,5.321,835.837,6451726.916,1872801.796,14.5,6.9,2,9.97,-0.08,1,,,,,,,980,997,39.53,3.97,us-101,1118847242.2,980.0,39.53399999999999,16.36,-6.389999999999999,3.965295887662988,inf,False,False,False,False,877.895,False,lane_change,-42.05799999999999
989,2633,625,1118847242200,31.854,884.695,6451746.05,1872749.626,57.5,8.5,3,17.5,-3.17,3,,,,,,,977,996,160.47,9.17,us-101,1118847242.2,,,,,,inf,False,True,False,False,877.895,False,lane_change,6.800000000000068
990,2633,460,1118847242200,17.671,889.159,6451758.788,1872757.311,20.0,7.4,2,37.5,8.41,2,,,,,,,983,991,67.53,1.8,us-101,1118847242.2,983.0,67.529,44.9,-7.399999999999999,1.8007733333333333,inf,False,False,False,True,877.895,False,lane_change,11.26400000000001
991,2633,454,1118847242200,17.052,835.821,6451719.146,1872793.008,13.0,7.4,2,35.03,-0.64,2,,,,,,,990,"1,001",53.34,1.52,us-101,1118847242.2,990.0,53.337999999999965,37.5,-2.469999999999999,1.5226377390807868,inf,False,False,False,True,877.895,False,lane_change,-42.073999999999955
992,2633,479,1118847242200,52.172,833.785,6451694.405,1872767.997,16.5,8.4,2,39.13,4.65,5,,,,,,,982,998,147.9,3.78,us-101,1118847242.2,982.0,147.90100000000007,40.92,-1.7899999999999991,3.7797342192691046,inf,False,False,False,False,877.895,False,lane_change,-44.110000000000014
996,2633,552,1118847242200,29.965,803.871,6451686.638,1872804.406,14.5,8.5,2,21.01,-0.81,3,,,,,,,989,"1,008",80.82,3.85,us-101,1118847242.2,989.0,80.82400000000007,17.5,3.5100000000000016,3.846930033317471,23.026780626780635,False,False,False,False,877.895,False,lane_change,-74.024
997,2633,601,1118847242200,5.561,809.46,6451706.95,1872819.04,13.5,7.4,2,10.35,0.0,1,,,,,,,987,"1,005",26.38,2.55,us-101,1118847242.2,987.0,26.376999999999953,9.97,0.379999999999999,2.5485024154589326,69.4131578947369,False,False,False,False,877.895,False,lane_change,-68.43499999999995
998,2633,479,1118847242200,52.761,778.729,6451652.732,1872803.868,13.5,6.9,2,40.14,0.84,5,,,,,,,992,"1,002",55.06,1.37,us-101,1118847242.2,992.0,55.055999999999926,39.13,1.009999999999998,1.3715994020926738,54.510891089108945,False,False,False,True,877.895,False,lane_change,-99.16599999999994
1000,2633,470,1118847242200,42.613,779.158,6451659.747,1872811.214,50.0,8.5,3,40.11,0.34,4,,,,,,,986,"1,007",98.74,2.46,us-101,1118847242.2,986.0,98.73699999999997,38.42,1.6899999999999977,2.461655447519321,58.424260355029645,False,False,False,False,877.895,False,lane_change,-98.73699999999997
971,2634,582,1118847242300,5.823,917.791,6451788.193,1872747.299,16.0,8.4,2,24.9,2.05,1,,,,,,,966,980,80.43,3.23,us-101,1118847242.3,966.0,80.42699999999991,38.63,-13.730000000000004,3.2299999999999964,inf,False,False,False,False,881.77,False,lane_change,36.02100000000007
980,2634,598,1118847242300,6.105,877.063,6451757.329,1872773.999,16.0,8.4,2,17.5,11.2,1,,,,,,,971,987,40.73,2.33,us-101,1118847242.3,971.0,40.728000000000065,24.9,-7.399999999999999,2.3273142857142894,inf,False,False,False,False,881.77,False,lane_change,-4.706999999999994
983,2634,477,1118847242300,18.43,961.201,6451812.673,1872709.315,21.0,8.5,2,45.08,0.79,2,,,,,,,979,990,93.98,2.08,us-101,1118847242.3,,,,,,inf,False,False,False,False,881.77,False,lane_change,79.43100000000004
986,2634,481,1118847242300,43.909,881.77,6451735.91,1872742.491,24.5,8.5,3,39.08,6.86,4,,,,,,,981,"1,000",154.35,3.95,us-101,1118847242.3,,,,,,inf,False,False,False,False,881.77,True,lane_change,0.0
987,2634,597,1118847242300,5.324,836.821,6451727.665,1872801.134,14.5,6.9,2,10.1,2.04,1,,,,,,,980,997,40.24,3.98,us-101,1118847242.3,980.0,40.24199999999996,17.5,-7.4,3.984356435643561,inf,False,False,False,False,881.77,False,lane_change,-44.948999999999955
989,2634,625,1118847242300,31.858,886.434,6451747.38,1872748.451,57.5,8.5,3,17.1,-4.3,3,,,,,,,977,996,162.73,9.52,us-101,1118847242.3,,,,,,inf,False,True,False,False,881.77,False,lane_change,4.663999999999987
990,2634,460,1118847242300,17.683,892.952,6451761.634,1872754.792,20.0,7.4,2,38.33,8.24,2,,,,,,,983,991,68.25,1.78,us-101,1118847242.3,983.0,68.24900000000002,45.08,-6.75,1.780563527263241,inf,False,False,False,True,881.77,False,lane_change,11.182000000000016
991,2634,454,1118847242300,17.083,839.314,6451721.756,1872790.67,13.0,7.4,2,34.99,0.12,2,,,,,,,990,"1,001",53.64,1.53,us-101,1118847242.3,990.0,53.638000000000034,38.33,-3.3399999999999963,1.5329522720777373,inf,False,False,False,True,881.77,False,lane_change,-42.45600000000002
992,2634,479,1118847242300,52.079,837.716,6451697.434,1872765.456,16.5,8.4,2,39.55,4.82,5,,,,,,,982,998,148.05,3.74,us-101,1118847242.3,982.0,148.05100000000004,41.06,-1.5100000000000051,3.7433881163084717,inf,False,False,False,False,881.77,False,lane_change,-44.053999999999974
996,2634,552,1118847242300,29.896,805.957,6451688.245,1872803.084,14.5,8.5,2,21.01,0.82,3,,,,,,,989,"1,008",80.48,3.83,us-101,1118847242.3,989.0,80.47699999999998,17.1,3.91,3.8304140885292703,20.582352941176463,False,False,False,False,881.77,False,lane_change,-75.81299999999999
997,2634,601,1118847242300,5.546,810.495,6451707.737,1872818.368,13.5,7.4,2,10.35,0.0,1,,,,,,,987,"1,005",26.33,2.54,us-101,1118847242.3,987.0,26.326000000000022,10.1,0.25,2.543574879227055,105.30400000000009,False,False,False,False,881.77,False,lane_change,-71.27499999999998
998,2634,479,1118847242300,52.736,782.741,6451655.745,1872801.254,13.5,6.9,2,40.28,1.74,5,,,,,,,992,"1,002",54.98,1.36,us-101,1118847242.3,992.0,54.97500000000002,39.55,0.730000000000004,1.3648212512413114,75.30821917808181,False,False,False,True,881.77,False,lane_change,-99.029
1000,2634,470,1118847242300,42.585,783.174,6451662.77,1872808.594,50.0,8.5,3,40.11,-0.31,4,,,,,,,986,"1,007",98.6,2.46,us-101,1118847242.3,986.0,98.596,39.08,1.0300000000000011,2.4581401146846176,95.7242718446601,False,False,False,False,881.77,False,lane_change,-98.596
971,2635,582,1118847242400,5.844,920.307,6451790.066,1872745.643,16.0,8.4,2,25.03,-0.08,1,,,,,,,966,980,81.86,3.27,us-101,1118847242.4,,,,,,inf,False,False,False,False,885.728,False,lane_change,34.579000000000065
980,2635,598,1118847242400,6.132,878.871,6451758.68,1872772.774,16.0,8.4,2,18.64,10.7,1,,,,,,,971,987,41.44,2.22,us-101,1118847242.4,971.0,41.436000000000035,25.03,-6.390000000000001,2.22296137339056,inf,False,False,False,False,885.728,False,lane_change,-6.856999999999971
983,2635,477,1118847242400,18.467,965.709,6451816.045,1872706.334,21.0,8.5,2,45.2,1.51,2,,,,,,,979,990,93.99,2.08,us-101,1118847242.4,,,,,,inf,False,False,False,False,885.728,False,lane_change,79.981
986,2635,481,1118847242400,43.934,885.728,6451738.862,1872739.861,24.5,8.5,3,39.62,4.41,4,,,,,,,981,"1,000",155.27,3.92,us-101,1118847242.4,,,,,,inf,False,False,False,False,885.728,True,lane_change,0.0
987,2635,597,1118847242400,5.326,837.814,6451728.392,1872800.491,14.5,6.9,2,10.53,6.26,1,,,,,,,980,997,41.06,3.9,us-101,1118847242.4,980.0,41.057000000000016,18.64,-8.110000000000001,3.8990503323836676,inf,False,False,False,False,885.728,False,lane_change,-47.91399999999999
989,2635,625,1118847242400,31.879,888.138,6451748.649,1872747.307,57.5,8.5,3,16.57,-6.58,3,,,,,,,977,996,165.03,9.96,us-101,1118847242.4,,,,,,inf,False,True,False,False,885.728,False,lane_change,2.410000000000082
990,2635,460,1118847242400,17.693,896.841,6451764.538,1872752.224,20.0,7.4,2,39.02,6.02,2,,,,,,,983,991,68.87,1.76,us-101,1118847242.4,983.0,68.86799999999994,45.2,-6.18,1.7649410558687835,inf,False,False,False,True,885.728,False,lane_change,11.113000000000056
991,2635,454,1118847242400,17.092,842.814,6451724.378,1872788.352,13.0,7.4,2,35.0,0.06,2,,,,,,,990,"1,001",54.03,1.54,us-101,1118847242.4,990.0,54.027000000000044,39.02,-4.020000000000003,1.5436285714285727,inf,False,False,False,True,885.728,False,lane_change,-42.91399999999999
992,2635,479,1118847242400,52.06,841.713,6451700.466,1872762.814,16.5,8.4,2,39.9,2.02,5,,,,,,,982,998,148.14,3.71,us-101,1118847242.4,982.0,148.14499999999998,41.47,-1.5700000000000003,3.712907268170426,inf,False,False,False,False,885.728,False,lane_change,-44.014999999999986
996,2635,552,1118847242400,29.836,808.055,6451689.857,1872801.746,14.5,8.5,2,21.12,1.77,3,,,,,,,989,"1,008",80.08,3.79,us-101,1118847242.4,989.0,80.08300000000008,16.57,4.550000000000001,3.791808712121216,17.600659340659355,False,False,False,False,885.728,False,lane_change,-77.673
997,2635,601,1118847242400,5.531,811.53,6451708.524,1872817.695,13.5,7.4,2,10.35,0.0,1,,,,,,,987,"1,005",26.28,2.54,us-101,1118847242.4,987.0,26.283999999999992,10.53,-0.17999999999999972,2.5395169082125597,inf,False,False,False,False,885.728,False,lane_change,-74.19799999999998
998,2635,479,1118847242400,52.707,786.769,6451658.767,1872798.634,13.5,6.9,2,40.55,3.3,5,,,,,,,992,"1,002",54.94,1.35,us-101,1118847242.4,992.0,54.94399999999996,39.9,0.6499999999999986,1.3549691738594318,84.52923076923089,False,False,False,True,885.728,False,lane_change,-98.95899999999995
1000,2635,470,1118847242400,42.556,787.187,6451665.792,1872805.974,50.0,8.5,3,40.07,-0.67,4,,,,,,,986,"1,007",98.54,2.46,us-101,1118847242.4,986.0,98.54099999999994,39.62,0.45000000000000284,2.4592213626154216,218.97999999999848,False,False,False,False,885.728,False,lane_change,-98.54099999999994
971,2636,582,1118847242500,5.865,922.812,6451791.939,1872743.987,16.0,8.4,2,25.01,-0.27,1,,,,,,,966,980,83.37,3.33,us-101,1118847242.5,,,,,,inf,False,False,False,False,889.731,False,lane_change,33.08100000000002
980,2636,598,1118847242500,6.177,880.817,6451760.118,1872771.449,16.0,8.4,2,19.47,6.25,1,,,,,,,971,987,42.0,2.16,us-101,1118847242.5,971.0,41.995000000000005,25.01,-5.540000000000003,2.156908063687725,inf,False,False,False,False,889.731,False,lane_change,-8.913999999999987
983,2636,477,1118847242500,18.475,970.232,6451819.453,1872703.361,21.0,8.5,2,45.38,2.18,2,,,,,,,979,990,93.97,2.07,us-101,1118847242.5,,,,,,inf,False,False,False,False,889.731,False,lane_change,80.50099999999998
986,2636,481,1118847242500,43.944,889.731,6451741.881,1872737.192,24.5,8.5,3,39.93,1.59,4,,,,,,,981,"1,000",156.06,3.91,us-101,1118847242.5,,,,,,inf,False,False,False,False,889.731,True,lane_change,0.0
987,2636,597,1118847242500,5.287,838.868,6451729.203,1872799.83,14.5,6.9,2,11.36,10.7,1,,,,,,,980,997,41.95,3.69,us-101,1118847242.5,980.0,41.948999999999955,19.47,-8.11,3.6926936619718274,inf,False,False,False,False,889.731,False,lane_change,-50.86299999999994
989,2636,625,1118847242500,31.883,889.765,6451749.865,1872746.232,57.5,8.5,3,15.92,-6.86,3,,,,,,,977,996,167.4,10.51,us-101,1118847242.5,,,,,,inf,False,True,False,False,889.731,False,lane_change,0.033999999999991815
990,2636,460,1118847242500,17.718,900.795,6451767.49,1872749.594,20.0,7.4,2,39.44,2.63,2,,,,,,,983,991,69.44,1.76,us-101,1118847242.5,983.0,69.43700000000001,45.38,-5.940000000000005,1.7605730223123737,inf,False,False,False,True,889.731,False,lane_change,11.063999999999965
991,2636,454,1118847242500,17.1,846.314,6451727.0,1872786.034,13.0,7.4,2,35.0,0.0,2,,,,,,,990,"1,001",54.48,1.56,us-101,1118847242.5,990.0,54.480999999999995,39.44,-4.439999999999998,1.5565999999999998,inf,False,False,False,True,889.731,False,lane_change,-43.41700000000003
992,2636,479,1118847242500,52.093,845.728,6451703.451,1872760.145,16.5,8.4,2,40.02,0.04,5,,,,,,,982,998,148.29,3.71,us-101,1118847242.5,982.0,148.2940000000001,42.1,-2.0799999999999983,3.705497251374315,inf,False,False,False,False,889.731,False,lane_change,-44.00300000000004
996,2636,552,1118847242500,29.799,810.178,6451691.479,1872800.368,14.5,8.5,2,21.27,1.45,3,,,,,,,989,"1,008",79.59,3.74,us-101,1118847242.5,989.0,79.58699999999999,15.92,5.35,3.741748942172073,14.876074766355138,False,False,False,False,889.731,False,lane_change,-79.553
997,2636,601,1118847242500,5.516,812.566,6451709.312,1872817.022,13.5,7.4,2,10.35,0.0,1,,,,,,,987,"1,005",26.3,2.54,us-101,1118847242.5,987.0,26.30200000000002,11.36,-1.0099999999999998,2.541256038647345,inf,False,False,False,False,889.731,False,lane_change,-77.16499999999996
998,2636,479,1118847242500,52.662,790.833,6451661.847,1872795.985,13.5,6.9,2,40.9,4.29,5,,,,,,,992,"1,002",54.89,1.34,us-101,1118847242.5,992.0,54.89499999999998,40.02,0.8799999999999955,1.342176039119804,62.38068181818212,False,False,False,True,889.731,False,lane_change,-98.89800000000002
1000,2636,470,1118847242500,42.527,791.19,6451668.815,1872803.354,50.0,8.5,3,40.02,-0.37,4,,,,,,,986,"1,007",98.54,2.46,us-101,1118847242.5,986.0,98.54099999999994,39.93,0.09000000000000341,2.4622938530734615,1094.8999999999578,False,False,False,False,889.731,False,lane_change,-98.54099999999994
971,2637,582,1118847242600,5.886,925.311,6451793.812,1872742.331,16.0,8.4,2,24.98,-0.26,1,,,,,,,966,980,84.89,3.4,us-101,1118847242.6,,,,,,inf,False,False,False,False,893.745,False,lane_change,31.56600000000003
980,2637,598,1118847242600,6.183,882.824,6451761.638,1872770.104,16.0,8.4,2,19.9,2.03,1,,,,,,,971,987,42.49,2.14,us-101,1118847242.6,971.0,42.48700000000008,24.98,-5.080000000000002,2.135025125628145,inf,False,False,False,False,893.745,False,lane_change,-10.92100000000005
983,2637,477,1118847242600,18.443,974.784,6451822.91,1872700.399,21.0,8.5,2,45.55,1.54,2,,,,,,,979,990,93.87,2.06,us-101,1118847242.6,,,,,,inf,False,False,False,False,893.745,False,lane_change,81.03899999999999
986,2637,481,1118847242600,43.954,893.745,6451744.878,1872734.542,24.5,8.5,3,40.03,-0.1,4,,,,,,,981,"1,000",156.79,3.92,us-101,1118847242.6,,,,,,inf,False,False,False,False,893.745,True,lane_change,0.0
987,2637,597,1118847242600,5.268,840.06,6451730.099,1872799.067,14.5,6.9,2,12.5,11.2,1,,,,,,,980,997,42.76,3.42,us-101,1118847242.6,980.0,42.76400000000001,19.9,-7.399999999999999,3.4211200000000006,inf,False,False,False,False,893.745,False,lane_change,-53.68500000000006
989,2637,625,1118847242600,31.871,891.307,6451751.034,1872745.22,57.5,8.5,3,15.38,-4.41,3,,,,,,,977,996,169.86,11.04,us-101,1118847242.6,,,,,,inf,False,True,False,False,893.745,False,lane_change,-2.437999999999988
990,2637,460,1118847242600,17.728,904.765,6451770.509,1872746.925,20.0,7.4,2,39.65,0.78,2,,,,,,,983,991,70.02,1.77,us-101,1118847242.6,983.0,70.019,45.55,-5.899999999999999,1.765926860025221,inf,False,False,False,True,893.745,False,lane_change,11.019999999999982
991,2637,454,1118847242600,17.108,849.814,6451729.623,1872783.716,13.0,7.4,2,35.0,0.0,2,,,,,,,990,"1,001",54.95,1.57,us-101,1118847242.6,990.0,54.95100000000002,39.65,-4.649999999999999,1.570028571428572,inf,False,False,False,True,893.745,False,lane_change,-43.93100000000004
992,2637,479,1118847242600,52.102,849.733,6451706.448,1872757.496,16.5,8.4,2,40.02,-0.25,5,,,,,,,982,998,148.56,3.71,us-101,1118847242.6,982.0,148.55600000000004,42.64,-2.6199999999999974,3.7120439780109953,inf,False,False,False,False,893.745,False,lane_change,-44.01200000000006
996,2637,552,1118847242600,29.776,812.321,6451693.105,1872798.969,14.5,8.5,2,21.35,0.08,3,,,,,,,989,"1,008",78.99,3.7,us-101,1118847242.6,989.0,78.98599999999999,15.38,5.970000000000001,3.699578454332552,13.23048576214405,False,False,False,False,893.745,False,lane_change,-81.42399999999998
997,2637,601,1118847242600,5.501,813.603,6451710.099,1872816.35,13.5,7.4,2,10.34,-0.31,1,,,,,,,987,"1,005",26.46,2.56,us-101,1118847242.6,987.0,26.456999999999994,12.5,-2.16,2.5587040618955506,inf,False,False,False,False,893.745,False,lane_change,-80.14200000000005
998,2637,479,1118847242600,52.627,794.949,6451664.965,1872793.289,13.5,6.9,2,41.27,3.45,5,,,,,,,992,"1,002",54.78,1.33,us-101,1118847242.6,992.0,54.78399999999999,40.02,1.25,1.3274533559486306,43.82719999999999,False,False,False,True,893.745,False,lane_change,-98.79600000000005
1000,2637,470,1118847242600,42.498,795.187,6451671.837,1872800.734,50.0,8.5,3,40.0,0.0,4,,,,,,,986,"1,007",98.56,2.46,us-101,1118847242.6,986.0,98.55799999999999,40.03,-0.030000000000001137,2.4639499999999996,inf,False,False,False,False,893.745,False,lane_change,-98.55799999999999
971,2638,582,1118847242700,5.906,927.807,6451795.685,1872740.676,16.0,8.4,2,24.97,-0.06,1,,,,,,,966,980,86.4,3.46,us-101,1118847242.7,,,,,,inf,False,False,False,False,897.764,False,lane_change,30.043000000000006
980,2638,598,1118847242700,6.187,884.84,6451763.137,1872768.78,16.0,8.4,2,20.03,-0.08,1,,,,,,,971,987,42.97,2.15,us-101,1118847242.7,971.0,42.966999999999985,24.97,-4.939999999999998,2.1451323015476778,inf,False,False,False,False,897.764,False,lane_change,-12.923999999999978
983,2638,477,1118847242700,18.386,979.352,6451826.4,1872697.44,21.0,8.5,2,45.67,0.71,2,,,,,,,979,990,93.69,2.05,us-101,1118847242.7,,,,,,inf,False,False,False,False,897.764,False,lane_change,81.58799999999997
986,2638,481,1118847242700,43.964,897.764,6451747.875,1872731.893,24.5,8.5,3,39.88,-2.52,4,,,,,,,981,"1,000",157.51,3.95,us-101,1118847242.7,,,,,,inf,False,False,False,False,897.764,True,lane_change,0.0
987,2638,597,1118847242700,5.293,841.368,6451731.076,1872798.174,14.5,6.9,2,13.63,10.71,1,,,,,,,980,997,43.47,3.19,us-101,1118847242.7,980.0,43.47199999999998,20.03,-6.4,3.1894350696991913,inf,False,False,False,False,897.764,False,lane_change,-56.39599999999996
989,2638,625,1118847242700,31.874,892.804,6451752.136,1872744.246,57.5,8.5,3,15.07,-1.58,3,,,,,,,977,996,172.36,11.44,us-101,1118847242.7,,,,,,inf,False,False,False,False,897.764,False,lane_change,-4.960000000000036
990,2638,460,1118847242700,17.74,908.739,6451773.506,1872744.276,20.0,7.4,2,39.73,0.49,2,,,,,,,983,991,70.61,1.78,us-101,1118847242.7,983.0,70.61299999999994,45.67,-5.940000000000005,1.7773219229801145,inf,False,False,False,True,897.764,False,lane_change,10.975000000000023
991,2638,454,1118847242700,17.117,853.315,6451732.245,1872781.398,13.0,7.4,2,35.0,0.0,2,,,,,,,990,"1,001",55.42,1.58,us-101,1118847242.7,990.0,55.42399999999998,39.73,-4.729999999999997,1.5835428571428565,inf,False,False,False,True,897.764,False,lane_change,-44.448999999999955
992,2638,479,1118847242700,52.112,853.732,6451709.445,1872754.847,16.5,8.4,2,40.0,-0.03,5,,,,,,,982,998,148.88,3.72,us-101,1118847242.7,,,,,,inf,False,False,False,False,897.764,False,lane_change,-44.03200000000004
996,2638,552,1118847242700,29.746,814.468,6451694.735,1872797.575,14.5,8.5,2,21.26,-1.67,3,,,,,,,989,"1,008",78.34,3.68,us-101,1118847242.7,989.0,78.33600000000001,15.07,6.190000000000001,3.6846660395108186,12.65525040387722,False,False,False,False,897.764,False,lane_change,-83.29600000000005
997,2638,601,1118847242700,5.487,814.633,6451710.886,1872815.677,13.5,7.4,2,10.33,0.0,1,,,,,,,987,"1,005",26.74,2.59,us-101,1118847242.7,987.0,26.735000000000014,13.63,-3.3000000000000007,2.5880929332042606,inf,False,False,False,False,897.764,False,lane_change,-83.13099999999997
998,2638,479,1118847242700,52.565,799.109,6451668.138,1872790.58,13.5,6.9,2,41.5,1.06,5,,,,,,,992,"1,002",54.62,1.32,us-101,1118847242.7,992.0,54.622999999999934,40.0,1.5,1.316216867469878,36.41533333333329,False,False,False,True,897.764,False,lane_change,-98.65499999999997
1000,2638,470,1118847242700,42.468,799.187,6451674.86,1872798.114,50.0,8.5,3,40.0,0.0,4,,,,,,,986,"1,007",98.58,2.46,us-101,1118847242.7,986.0,98.577,39.88,0.11999999999999744,2.464425,821.4750000000175,False,False,False,False,897.764,False,lane_change,-98.577
971,2639,582,1118847242800,5.927,930.29,6451797.558,1872739.02,16.0,8.4,2,25.1,2.07,1,,,,,,,966,980,87.9,3.5,us-101,1118847242.8,,,,,,inf,False,False,False,False,901.748,False,lane_change,28.541999999999916
980,2639,598,1118847242800,6.193,886.845,6451764.635,1872767.455,16.0,8.4,2,20.02,-0.24,1,,,,,,,971,987,43.45,2.17,us-101,1118847242.8,971.0,43.444999999999936,25.1,-5.080000000000002,2.170079920079917,inf,False,False,False,False,901.748,False,lane_change,-14.90300000000002
983,2639,477,1118847242800,18.341,983.915,6451829.886,1872694.47,21.0,8.5,2,45.82,1.86,2,,,,,,,979,990,93.42,2.04,us-101,1118847242.8,,,,,,inf,False,False,False,False,901.748,False,lane_change,82.16699999999992
986,2639,481,1118847242800,43.973,901.748,6451750.872,1872729.244,24.5,8.5,3,39.54,-4.21,4,,,,,,,981,"1,000",158.29,4,us-101,1118847242.8,,,,,,inf,False,True,False,False,901.748,True,lane_change,0.0
987,2639,597,1118847242800,5.338,842.813,6451732.138,1872797.18,14.5,6.9,2,14.47,6.28,1,,,,,,,980,997,44.03,3.04,us-101,1118847242.8,980.0,44.03200000000004,20.02,-5.549999999999999,3.04298548721493,inf,False,False,False,False,901.748,False,lane_change,-58.93500000000006
989,2639,625,1118847242800,31.877,894.29,6451753.26,1872743.253,57.5,8.5,3,14.97,0.09,3,,,,,,,977,996,174.87,11.68,us-101,1118847242.8,,,,,,inf,False,False,False,False,901.748,False,lane_change,-7.458000000000084
990,2639,460,1118847242800,17.773,912.707,6451776.503,1872741.627,20.0,7.4,2,39.8,1.37,2,,,,,,,983,991,71.21,1.79,us-101,1118847242.8,983.0,71.20799999999997,45.82,-6.020000000000003,1.7891457286432155,inf,False,False,False,True,901.748,False,lane_change,10.958999999999946
991,2639,454,1118847242800,17.126,856.815,6451734.867,1872779.079,13.0,7.4,2,35.0,0.0,2,,,,,,,990,"1,001",55.89,1.6,us-101,1118847242.8,990.0,55.89199999999994,39.8,-4.799999999999997,1.596914285714284,inf,False,False,False,True,901.748,False,lane_change,-44.93299999999999
992,2639,479,1118847242800,52.121,857.732,6451712.442,1872752.198,16.5,8.4,2,40.0,0.0,5,,,,,,,982,998,149.17,3.73,us-101,1118847242.8,,,,,,inf,False,False,False,False,901.748,False,lane_change,-44.016000000000076
996,2639,552,1118847242800,29.715,816.594,6451696.359,1872796.187,14.5,8.5,2,21.05,-2.87,3,,,,,,,989,"1,008",77.7,3.69,us-101,1118847242.8,989.0,77.69599999999991,14.97,6.08,3.6910213776722047,12.778947368421038,False,False,False,False,901.748,False,lane_change,-85.154
997,2639,601,1118847242800,5.471,815.652,6451711.675,1872815.003,13.5,7.4,2,10.46,2.16,1,,,,,,,987,"1,005",27.16,2.6,us-101,1118847242.8,987.0,27.160999999999945,14.47,-4.01,2.596653919694067,inf,False,False,False,False,901.748,False,lane_change,-86.096
998,2639,479,1118847242800,52.479,803.285,6451671.316,1872787.899,13.5,6.9,2,41.44,-2.06,5,,,,,,,992,"1,002",54.45,1.31,us-101,1118847242.8,992.0,54.447,40.0,1.4399999999999977,1.3138754826254828,37.810416666666725,False,False,False,True,901.748,False,lane_change,-98.46300000000008
1000,2639,470,1118847242800,42.439,803.187,6451677.882,1872795.494,50.0,8.5,3,40.0,0.0,4,,,,,,,986,"1,007",98.56,2.46,us-101,1118847242.8,986.0,98.56100000000004,39.54,0.46000000000000085,2.464025000000001,214.26304347826056,False,False,False,False,901.748,False,lane_change,-98.56100000000004
971,2640,582,1118847242900,5.947,932.783,6451799.409,1872737.384,16.0,8.4,2,25.53,6.26,1,,,,,,,966,980,89.39,3.5,us-101,1118847242.9,,,,,,inf,False,False,False,False,905.669,False,lane_change,27.114000000000033
980,2640,598,1118847242900,6.197,888.843,6451766.134,1872766.131,16.0,8.4,2,20.0,0.0,1,,,,,,,971,987,43.94,2.2,us-101,1118847242.9,971.0,43.940000000000055,25.53,-5.530000000000001,2.1970000000000027,inf,False,False,False,False,905.669,False,lane_change,-16.826000000000022
983,2640,477,1118847242900,18.301,988.485,6451833.346,1872691.515,21.0,8.5,2,46.21,5.39,2,,,,,,,979,990,93.06,2.01,us-101,1118847242.9,,,,,,inf,False,False,False,False,905.669,False,lane_change,82.81600000000003
986,2640,481,1118847242900,43.983,905.669,6451753.869,1872726.595,24.5,8.5,3,39.31,-2.03,4,,,,,,,981,"1,000",159.12,4.05,us-101,1118847242.9,,,,,,inf,False,False,False,False,905.669,True,lane_change,0.0
987,2640,597,1118847242900,5.342,844.32,6451733.284,1872796.167,14.5,6.9,2,14.9,2.05,1,,,,,,,980,997,44.52,2.99,us-101,1118847242.9,980.0,44.52299999999991,20.0,-5.1,2.9881208053691215,inf,False,False,False,False,905.669,False,lane_change,-61.34899999999993
989,2640,625,1118847242900,31.881,895.786,6451754.384,1872742.259,57.5,8.5,3,14.99,0.26,3,,,,,,,977,996,177.38,11.83,us-101,1118847242.9,,,,,,inf,False,False,False,False,905.669,False,lane_change,-9.883000000000038
990,2640,460,1118847242900,17.806,916.683,6451779.5,1872738.977,20.0,7.4,2,40.04,2.95,2,,,,,,,983,991,71.8,1.79,us-101,1118847242.9,983.0,71.80200000000002,46.21,-6.170000000000002,1.793256743256744,inf,False,False,False,True,905.669,False,lane_change,11.01400000000001
991,2640,454,1118847242900,17.134,860.317,6451737.49,1872776.761,13.0,7.4,2,34.99,-0.27,2,,,,,,,990,"1,001",56.37,1.61,us-101,1118847242.9,990.0,56.365999999999985,40.04,-5.049999999999997,1.610917404972849,inf,False,False,False,True,905.669,False,lane_change,-45.351999999999975
992,2640,479,1118847242900,52.131,861.732,6451715.439,1872749.549,16.5,8.4,2,40.0,0.0,5,,,,,,,982,998,149.39,3.73,us-101,1118847242.9,,,,,,inf,False,False,False,False,905.669,False,lane_change,-43.93700000000001
996,2640,552,1118847242900,29.674,818.686,6451697.954,1872794.839,14.5,8.5,2,20.76,-3.02,3,,,,,,,989,"1,008",77.1,3.71,us-101,1118847242.9,989.0,77.09999999999991,14.99,5.770000000000001,3.7138728323699377,13.362218370883863,False,True,False,False,905.669,False,lane_change,-86.98299999999995
997,2640,601,1118847242900,5.454,816.692,6451712.434,1872814.358,13.5,7.4,2,10.82,4.94,1,,,,,,,987,"1,005",27.63,2.55,us-101,1118847242.9,987.0,27.628000000000043,14.9,-4.08,2.55341959334566,inf,False,False,False,False,905.669,False,lane_change,-88.97699999999998
998,2640,479,1118847242900,52.386,807.443,6451674.511,1872785.212,13.5,6.9,2,41.04,-5.72,5,,,,,,,992,"1,002",54.29,1.32,us-101,1118847242.9,992.0,54.28899999999999,40.0,1.0399999999999991,1.3228313840155943,52.20096153846157,False,True,False,True,905.669,False,lane_change,-98.226
1000,2640,470,1118847242900,42.41,807.187,6451680.905,1872792.874,50.0,8.5,3,40.0,-0.03,4,,,,,,,986,"1,007",98.48,2.46,us-101,1118847242.9,986.0,98.48199999999997,39.31,0.6899999999999977,2.462049999999999,142.7275362318845,False,False,False,False,905.669,False,lane_change,-98.48199999999997
971,2641,582,1118847243000,5.927,935.338,6451801.344,1872735.729,16.0,8.4,2,26.36,10.68,1,,,,,,,966,980,90.82,3.45,us-101,1118847243.0,,,,,,inf,False,False,False,False,909.566,False,lane_change,25.771999999999935
980,2641,598,1118847243000,6.202,890.845,6451767.632,1872764.806,16.0,8.4,2,19.99,-0.26,1,,,,,,,971,987,44.49,2.23,us-101,1118847243.0,971.0,44.49299999999994,26.36,-6.370000000000001,2.2257628814407173,inf,False,False,False,False,909.566,False,lane_change,-18.721000000000004
983,2641,477,1118847243000,18.234,993.104,6451836.865,1872688.545,21.0,8.5,2,46.95,9.63,2,,,,,,,979,990,92.55,1.97,us-101,1118847243.0,,,,,,inf,False,False,False,False,909.566,False,lane_change,83.53800000000001
986,2641,481,1118847243000,44.0,909.566,6451756.866,1872723.946,24.5,8.5,3,39.3,2.01,4,,,,,,,981,"1,000",159.93,4.07,us-101,1118847243.0,,,,,,inf,False,False,False,False,909.566,True,lane_change,0.0
987,2641,597,1118847243000,5.346,845.839,6451734.408,1872795.173,14.5,6.9,2,15.01,-0.35,1,,,,,,,980,997,45.01,3,us-101,1118847243.0,980.0,45.00599999999997,19.99,-4.979999999999999,2.9984010659560276,inf,False,False,False,False,909.566,False,lane_change,-63.726999999999975
989,2641,625,1118847243000,31.885,897.288,6451755.508,1872741.266,57.5,8.5,3,15.0,0.0,3,,,,,,,977,996,179.88,11.99,us-101,1118847243.0,,,,,,inf,False,False,False,False,909.566,False,lane_change,-12.27800000000002
990,2641,460,1118847243000,17.839,920.682,6451782.475,1872736.348,20.0,7.4,2,40.53,6.25,2,,,,,,,983,991,72.42,1.79,us-101,1118847243.0,983.0,72.42200000000003,46.95,-6.420000000000002,1.7868739205526776,inf,False,False,False,True,909.566,False,lane_change,11.115999999999985
991,2641,454,1118847243000,17.143,863.812,6451740.112,1872774.443,13.0,7.4,2,34.97,-0.1,2,,,,,,,990,"1,001",56.87,1.63,us-101,1118847243.0,990.0,56.870000000000005,40.53,-5.560000000000002,1.6262510723477268,inf,False,False,False,True,909.566,False,lane_change,-45.75400000000002
992,2641,479,1118847243000,52.141,865.732,6451718.436,1872746.899,16.5,8.4,2,40.0,0.0,5,,,,,,,982,998,149.63,3.74,us-101,1118847243.0,,,,,,inf,False,False,False,False,909.566,False,lane_change,-43.83400000000006
996,2641,552,1118847243000,29.663,820.743,6451699.501,1872793.492,14.5,8.5,2,20.5,-2.29,3,,,,,,,989,"1,008",76.54,3.73,us-101,1118847243.0,989.0,76.54499999999996,15.0,5.5,3.7339024390243885,13.917272727272719,False,False,False,False,909.566,False,lane_change,-88.82299999999998
997,2641,601,1118847243000,5.425,817.795,6451713.285,1872813.649,13.5,7.4,2,11.27,5.1,1,,,,,,,987,"1,005",28.04,2.49,us-101,1118847243.0,987.0,28.044000000000096,15.01,-3.74,2.4883762200532473,inf,False,False,False,False,909.566,False,lane_change,-91.77100000000007
998,2641,479,1118847243000,52.342,811.537,6451677.619,1872782.536,13.5,6.9,2,40.35,-8.48,5,,,,,,,992,"1,002",54.2,1.34,us-101,1118847243.0,992.0,54.194999999999936,40.0,0.3500000000000014,1.343122676579924,154.84285714285633,False,True,False,True,909.566,False,lane_change,-98.029
1000,2641,470,1118847243000,42.381,811.186,6451683.927,1872790.254,50.0,8.5,3,39.99,-0.06,4,,,,,,,986,"1,007",98.38,2.46,us-101,1118847243.0,986.0,98.38,39.3,0.6900000000000048,2.460115028757189,142.57971014492654,False,False,False,False,909.566,False,lane_change,-98.38
971,2642,582,1118847243100,5.927,938.029,6451803.364,1872733.973,16.0,8.4,2,27.5,11.2,1,,,,,,,966,980,92.12,3.35,us-101,1118847243.1,,,,,,inf,False,False,False,False,913.487,False,lane_change,24.54200000000003
980,2642,598,1118847243100,6.207,892.841,6451769.131,1872763.481,16.0,8.4,2,19.97,-0.1,1,,,,,,,971,987,45.19,2.26,us-101,1118847243.1,971.0,45.18799999999999,27.5,-7.530000000000001,2.26279419128693,inf,False,False,False,False,913.487,False,lane_change,-20.645999999999958
983,2642,477,1118847243100,18.184,997.835,6451840.459,1872685.485,21.0,8.5,2,47.95,11.12,2,,,,,,,979,990,91.86,1.92,us-101,1118847243.1,,,,,,inf,False,False,False,False,913.487,False,lane_change,84.34800000000007
986,2642,481,1118847243100,44.034,913.487,6451759.862,1872721.296,24.5,8.5,3,39.53,4.22,4,,,,,,,981,"1,000",160.64,4.06,us-101,1118847243.1,,,,,,inf,False,False,False,False,913.487,True,lane_change,0.0
987,2642,597,1118847243100,5.349,847.339,6451735.532,1872794.18,14.5,6.9,2,14.99,-0.34,1,,,,,,,980,997,45.5,3.04,us-101,1118847243.1,980.0,45.50199999999995,19.97,-4.979999999999999,3.0354903268845863,inf,False,False,False,False,913.487,False,lane_change,-66.14799999999991
989,2642,625,1118847243100,31.888,898.788,6451756.632,1872740.272,57.5,8.5,3,15.0,0.0,3,,,,,,,977,996,182.38,12.16,us-101,1118847243.1,,,,,,inf,False,False,False,False,913.487,False,lane_change,-14.698999999999955
990,2642,460,1118847243100,17.832,924.737,6451785.533,1872733.699,20.0,7.4,2,41.36,10.69,2,,,,,,,983,991,73.1,1.77,us-101,1118847243.1,983.0,73.09800000000007,47.95,-6.590000000000003,1.7673597678916846,inf,False,False,False,True,913.487,False,lane_change,11.25
991,2642,454,1118847243100,17.152,867.295,6451742.734,1872772.125,13.0,7.4,2,35.1,2.04,2,,,,,,,990,"1,001",57.44,1.64,us-101,1118847243.1,990.0,57.44200000000001,41.36,-6.259999999999998,1.6365242165242166,inf,False,False,False,True,913.487,False,lane_change,-46.19200000000001
992,2642,479,1118847243100,52.15,869.732,6451721.433,1872744.25,16.5,8.4,2,40.0,0.0,5,,,,,,,982,998,149.95,3.75,us-101,1118847243.1,,,,,,inf,False,False,False,False,913.487,False,lane_change,-43.754999999999995
996,2642,552,1118847243100,29.638,822.777,6451701.045,1872792.168,14.5,8.5,2,20.3,-1.59,3,,,,,,,989,"1,008",76.01,3.74,us-101,1118847243.1,989.0,76.01099999999997,15.0,5.300000000000001,3.7443842364532003,14.341698113207539,False,False,False,False,913.487,False,lane_change,-90.70999999999992
997,2642,601,1118847243100,5.411,818.973,6451714.185,1872812.875,13.5,7.4,2,11.53,0.93,1,,,,,,,987,"1,005",28.37,2.46,us-101,1118847243.1,987.0,28.3660000000001,14.99,-3.460000000000001,2.460190806591509,inf,False,False,False,False,913.487,False,lane_change,-94.51400000000001
998,2642,479,1118847243100,52.234,815.523,6451680.695,1872779.974,13.5,6.9,2,39.61,-7.26,5,,,,,,,992,"1,002",54.21,1.37,us-101,1118847243.1,992.0,54.208999999999946,40.0,-0.39000000000000057,1.368568543297146,inf,False,True,False,True,913.487,False,lane_change,-97.96399999999994
1000,2642,470,1118847243100,42.352,815.184,6451686.95,1872787.634,50.0,8.5,3,40.0,0.14,4,,,,,,,986,"1,007",98.3,2.46,us-101,1118847243.1,986.0,98.303,39.53,0.46999999999999886,2.457575,209.15531914893668,False,False,False,False,913.487,False,lane_change,-98.303
971,2643,582,1118847243200,5.973,940.837,6451805.464,1872732.086,16.0,8.4,2,28.63,10.72,1,,,,,,,966,980,93.32,3.26,us-101,1118847243.2,,,,,,inf,False,False,False,False,917.472,False,lane_change,23.36500000000001
980,2643,598,1118847243200,6.212,894.824,6451770.629,1872762.157,16.0,8.4,2,20.1,2.03,1,,,,,,,971,987,46.01,2.29,us-101,1118847243.2,971.0,46.013000000000034,28.63,-8.529999999999998,2.289203980099504,inf,False,False,False,False,917.472,False,lane_change,-22.648000000000025
986,2643,481,1118847243200,44.067,917.472,6451762.859,1872718.647,24.5,8.5,3,39.86,2.26,4,,,,,,,981,"1,000",161.19,4.04,us-101,1118847243.2,,,,,,inf,False,False,False,False,917.472,True,lane_change,0.0
987,2643,597,1118847243200,5.353,848.824,6451736.656,1872793.186,14.5,6.9,2,15.07,1.6,1,,,,,,,980,997,46.0,3.05,us-101,1118847243.2,980.0,46.0,20.1,-5.030000000000001,3.0524220305242205,inf,False,False,False,False,917.472,False,lane_change,-68.64800000000002
989,2643,625,1118847243200,31.892,900.288,6451757.756,1872739.279,57.5,8.5,3,15.0,0.0,3,,,,,,,977,996,184.88,12.33,us-101,1118847243.2,,,,,,inf,False,False,False,False,917.472,False,lane_change,-17.18399999999997
990,2643,460,1118847243200,17.844,928.928,6451788.677,1872730.95,20.0,7.4,2,42.5,11.2,2,,,,,,,983,991,73.78,1.74,us-101,1118847243.2,,,,,,inf,False,False,False,False,917.472,False,lane_change,11.456000000000017
991,2643,454,1118847243200,17.159,870.788,6451745.335,1872769.827,13.0,7.4,2,35.53,6.26,2,,,,,,,990,"1,001",58.14,1.64,us-101,1118847243.2,990.0,58.139999999999986,42.5,-6.969999999999999,1.636363636363636,inf,False,False,False,True,917.472,False,lane_change,-46.68399999999997
992,2643,479,1118847243200,52.16,873.732,6451724.43,1872741.601,16.5,8.4,2,40.0,0.0,5,,,,,,,982,998,150.34,3.76,us-101,1118847243.2,,,,,,inf,False,False,False,False,917.472,False,lane_change,-43.74000000000001
996,2643,552,1118847243200,29.54,824.797,6451702.627,1872790.906,14.5,8.5,2,20.15,-1.35,3,,,,,,,989,"1,008",75.49,3.75,us-101,1118847243.2,989.0,75.49099999999999,15.0,5.149999999999999,3.7464516129032255,14.65844660194175,False,False,False,False,917.472,False,lane_change,-92.67499999999995
997,2643,601,1118847243200,5.306,820.166,6451715.174,1872812.145,13.5,7.4,2,11.39,-4.26,1,,,,,,,987,"1,005",28.66,2.52,us-101,1118847243.2,987.0,28.6579999999999,15.07,-3.6799999999999997,2.516066725197533,inf,False,True,False,False,917.472,False,lane_change,-97.30599999999993
998,2643,479,1118847243200,52.076,819.414,6451683.704,1872777.538,13.5,6.9,2,39.19,-1.82,5,,,,,,,992,"1,002",54.32,1.39,us-101,1118847243.2,992.0,54.317999999999984,40.0,-0.8100000000000023,1.3860168410308749,inf,False,False,False,True,917.472,False,lane_change,-98.05799999999999
1000,2643,470,1118847243200,42.321,819.18,6451689.971,1872785.018,50.0,8.5,3,40.05,0.82,4,,,,,,,986,"1,007",98.29,2.45,us-101,1118847243.2,986.0,98.29200000000003,39.86,0.18999999999999773,2.4542322097378286,517.3263157894801,False,False,False,False,917.472,False,lane_change,-98.29200000000003
971,2644,582,1118847243300,6.038,943.782,6451807.651,1872730.099,16.0,8.4,2,29.47,6.28,1,,,,,,,966,980,94.44,3.2,us-101,1118847243.3,,,,,,inf,False,False,False,False,921.487,False,lane_change,22.295000000000073
980,2644,598,1118847243300,6.216,896.817,6451772.106,1872760.852,16.0,8.4,2,20.53,6.27,1,,,,,,,971,987,46.97,2.29,us-101,1118847243.3,971.0,46.96500000000003,29.47,-8.939999999999998,2.287627861665856,inf,False,False,False,False,921.487,False,lane_change,-24.66999999999996
986,2644,481,1118847243300,44.1,921.487,6451765.856,1872715.998,24.5,8.5,3,40.0,0.0,4,,,,,,,981,"1,000",161.68,4.04,us-101,1118847243.3,,,,,,inf,False,False,False,False,921.487,True,lane_change,0.0
987,2644,597,1118847243300,5.355,850.321,6451737.758,1872792.213,14.5,6.9,2,15.37,4.34,1,,,,,,,980,997,46.5,3.03,us-101,1118847243.3,980.0,46.49599999999998,20.53,-5.160000000000002,3.025113858165256,inf,False,False,False,False,921.487,False,lane_change,-71.16599999999994
989,2644,625,1118847243300,31.896,901.788,6451758.879,1872738.285,57.5,8.5,3,15.0,0.0,3,,,,,,,977,996,187.38,12.49,us-101,1118847243.3,,,,,,inf,False,False,False,False,921.487,False,lane_change,-19.698999999999955
990,2644,460,1118847243300,17.902,933.236,6451791.901,1872728.07,20.0,7.4,2,43.63,10.71,2,,,,,,,983,991,74.44,1.71,us-101,1118847243.3,,,,,,inf,False,False,False,False,921.487,False,lane_change,11.749000000000024
991,2644,454,1118847243300,17.127,874.343,6451748.018,1872767.509,13.0,7.4,2,36.36,10.7,2,,,,,,,990,"1,001",58.89,1.62,us-101,1118847243.3,990.0,58.89300000000003,43.63,-7.270000000000003,1.6197194719471955,inf,False,False,False,True,921.487,False,lane_change,-47.144000000000005
992,2644,479,1118847243300,52.169,877.732,6451727.427,1872738.952,16.5,8.4,2,40.0,0.0,5,,,,,,,982,998,150.68,3.77,us-101,1118847243.3,,,,,,inf,False,False,False,False,921.487,False,lane_change,-43.754999999999995
996,2644,552,1118847243300,29.416,826.802,6451704.221,1872789.67,14.5,8.5,2,20.06,-0.72,3,,,,,,,989,"1,008",74.99,3.74,us-101,1118847243.3,989.0,74.98599999999999,15.0,5.059999999999999,3.7380857427716845,14.819367588932808,False,False,False,False,921.487,False,lane_change,-94.68499999999995
998,2644,479,1118847243300,51.907,823.289,6451686.699,1872775.128,13.5,6.9,2,39.24,3.34,5,,,,,,,992,"1,002",54.44,1.39,us-101,1118847243.3,992.0,54.442999999999984,40.0,-0.759999999999998,1.3874362895005092,inf,False,False,False,True,921.487,False,lane_change,-98.19799999999998
1000,2644,470,1118847243300,42.292,823.185,6451692.993,1872782.398,50.0,8.5,3,40.17,1.58,4,,,,,,,986,"1,007",98.3,2.45,us-101,1118847243.3,986.0,98.30200000000002,40.0,0.1700000000000017,2.4471496141399056,578.2470588235237,False,False,False,False,921.487,False,lane_change,-98.30200000000002
971,2645,582,1118847243400,6.064,946.789,6451809.921,1872728.092,16.0,8.4,2,29.9,2.05,1,,,,,,,966,980,95.63,3.2,us-101,1118847243.4,,,,,,inf,False,False,False,False,925.487,False,lane_change,21.30200000000002
980,2645,598,1118847243400,6.18,898.871,6451773.665,1872759.528,16.0,8.4,2,21.36,10.71,1,,,,,,,971,987,47.92,2.24,us-101,1118847243.4,971.0,47.918000000000006,29.9,-8.54,2.243352059925094,inf,False,False,False,False,925.487,False,lane_change,-26.615999999999985
986,2645,481,1118847243400,44.133,925.487,6451768.853,1872713.349,24.5,8.5,3,40.0,0.0,4,,,,,,,981,"1,000",162.16,4.05,us-101,1118847243.4,,,,,,inf,False,False,False,False,925.487,True,lane_change,0.0
987,2645,597,1118847243400,5.344,851.862,6451738.927,1872791.2,14.5,6.9,2,15.92,6.95,1,,,,,,,980,997,47.01,2.95,us-101,1118847243.4,980.0,47.009000000000015,21.36,-5.4399999999999995,2.95282663316583,inf,False,False,False,False,925.487,False,lane_change,-73.625
989,2645,625,1118847243400,31.899,903.288,6451760.003,1872737.292,57.5,8.5,3,15.0,0.0,3,,,,,,,977,996,189.88,12.66,us-101,1118847243.4,,,,,,inf,False,False,False,False,925.487,False,lane_change,-22.198999999999955
990,2645,460,1118847243400,17.98,937.683,6451795.212,1872725.089,20.0,7.4,2,44.45,6.03,2,,,,,,,983,991,74.95,1.69,us-101,1118847243.4,,,,,,inf,False,False,False,False,925.487,False,lane_change,12.196000000000026
991,2645,454,1118847243400,17.114,878.034,6451750.787,1872765.091,13.0,7.4,2,37.5,11.2,2,,,,,,,990,"1,001",59.65,1.59,us-101,1118847243.4,990.0,59.649,44.45,-6.950000000000003,1.59064,inf,False,False,False,True,925.487,False,lane_change,-47.452999999999975
992,2645,479,1118847243400,52.179,881.732,6451730.424,1872736.303,16.5,8.4,2,40.0,0.0,5,,,,,,,982,998,150.87,3.77,us-101,1118847243.4,,,,,,inf,False,False,False,False,925.487,False,lane_change,-43.754999999999995
996,2645,552,1118847243400,29.309,828.801,6451705.784,1872788.437,14.5,8.5,2,20.01,-0.25,3,,,,,,,989,"1,008",74.49,3.72,us-101,1118847243.4,989.0,74.48699999999997,15.0,5.010000000000002,3.722488755622187,14.867664670658671,False,False,False,False,925.487,False,lane_change,-96.68599999999992
998,2645,479,1118847243400,51.798,827.219,6451689.734,1872772.604,13.5,6.9,2,39.57,4.4,5,,,,,,,992,"1,002",54.51,1.38,us-101,1118847243.4,992.0,54.51299999999992,40.0,-0.4299999999999997,1.3776345716451837,inf,False,False,False,True,925.487,False,lane_change,-98.26799999999992
1000,2645,470,1118847243400,42.276,827.211,6451696.022,1872779.755,50.0,8.5,3,40.31,1.41,4,,,,,,,986,"1,007",98.28,2.44,us-101,1118847243.4,986.0,98.27599999999995,40.0,0.3100000000000023,2.438005457702802,317.0193548387072,False,False,False,False,925.487,False,lane_change,-98.27599999999995
971,2646,582,1118847243500,6.089,949.806,6451812.169,1872726.105,16.0,8.4,2,30.03,-0.09,1,,,,,,,966,980,96.92,3.23,us-101,1118847243.5,,,,,,inf,False,False,False,False,929.487,False,lane_change,20.319000000000074
980,2646,598,1118847243500,6.163,901.062,6451775.311,1872758.103,16.0,8.4,2,22.49,11.2,1,,,,,,,971,987,48.74,2.17,us-101,1118847243.5,971.0,48.74400000000003,30.03,-7.540000000000003,2.167363272565586,inf,False,False,False,False,929.487,False,lane_change,-28.424999999999955
986,2646,481,1118847243500,44.166,929.487,6451771.85,1872710.7,24.5,8.5,3,40.0,0.0,4,,,,,,,981,"1,000",162.66,4.07,us-101,1118847243.5,,,,,,inf,False,False,False,False,929.487,True,lane_change,0.0
987,2646,597,1118847243500,5.346,853.479,6451740.144,1872790.126,14.5,6.9,2,16.67,8.26,1,,,,,,,980,997,47.58,2.85,us-101,1118847243.5,980.0,47.58299999999997,22.49,-5.819999999999997,2.8544091181763624,inf,False,False,False,False,929.487,False,lane_change,-76.00799999999992
989,2646,625,1118847243500,31.903,904.799,6451761.127,1872736.299,57.5,8.5,3,14.9,-1.62,3,,,,,,,977,996,192.36,12.91,us-101,1118847243.5,,,,,,inf,False,False,False,False,929.487,False,lane_change,-24.687999999999988
990,2646,460,1118847243500,18.018,942.185,6451798.605,1872722.089,20.0,7.4,2,44.87,1.97,2,,,,,,,983,991,75.33,1.68,us-101,1118847243.5,,,,,,inf,False,False,False,False,929.487,False,lane_change,12.697999999999979
991,2646,454,1118847243500,17.146,881.842,6451753.637,1872762.542,13.0,7.4,2,38.63,10.73,2,,,,,,,990,"1,001",60.34,1.56,us-101,1118847243.5,990.0,60.34299999999996,44.87,-6.239999999999995,1.5620761066528595,inf,False,False,False,True,929.487,False,lane_change,-47.64499999999998
992,2646,479,1118847243500,52.189,885.732,6451733.421,1872733.653,16.5,8.4,2,40.0,0.0,5,,,,,,,982,998,150.92,3.77,us-101,1118847243.5,,,,,,inf,False,False,False,False,929.487,False,lane_change,-43.754999999999995
996,2646,552,1118847243500,29.287,830.807,6451707.292,1872787.14,14.5,8.5,2,19.9,-1.39,3,,,,,,,989,"1,008",73.99,3.72,us-101,1118847243.5,989.0,73.99199999999996,14.9,4.999999999999998,3.718190954773868,14.798399999999997,False,False,False,False,929.487,False,lane_change,-98.67999999999995
998,2646,479,1118847243500,51.79,831.211,6451692.759,1872769.953,13.5,6.9,2,39.89,2.13,5,,,,,,,992,"1,002",54.52,1.37,us-101,1118847243.5,992.0,54.52099999999996,40.0,-0.10999999999999943,1.3667836550513903,inf,False,False,False,True,929.487,False,lane_change,-98.27599999999995
1000,2646,470,1118847243500,42.296,831.256,6451699.053,1872777.062,50.0,8.5,3,40.37,0.09,4,,,,,,,986,"1,007",98.23,2.43,us-101,1118847243.5,986.0,98.231,40.0,0.36999999999999744,2.4332672776814466,265.489189189191,False,False,False,False,929.487,False,lane_change,-98.231
971,2647,582,1118847243600,6.114,952.813,6451814.416,1872724.118,16.0,8.4,2,30.0,-0.52,1,,,,,,,966,980,98.36,3.28,us-101,1118847243.6,,,,,,inf,False,False,False,False,933.487,False,lane_change,19.326000000000022
980,2647,598,1118847243600,6.191,903.372,6451777.037,1872756.548,16.0,8.4,2,23.59,10.2,1,,,,,,,971,987,49.44,2.1,us-101,1118847243.6,971.0,49.44100000000003,30.0,-6.41,2.095845697329378,inf,False,False,False,False,933.487,False,lane_change,-30.11500000000001
986,2647,481,1118847243600,44.2,933.487,6451774.847,1872708.05,24.5,8.5,3,40.0,0.0,4,,,,,,,981,"1,000",163.16,4.08,us-101,1118847243.6,,,,,,inf,False,False,False,False,933.487,True,lane_change,0.0
987,2647,597,1118847243600,5.35,855.186,6451741.418,1872789.001,14.5,6.9,2,17.5,8.44,1,,,,,,,980,997,48.19,2.75,us-101,1118847243.6,980.0,48.18599999999992,23.59,-6.09,2.7534857142857097,inf,False,False,False,False,933.487,False,lane_change,-78.30099999999993
989,2647,625,1118847243600,31.907,906.288,6451762.251,1872735.305,57.5,8.5,3,14.67,-3.05,3,,,,,,,977,996,194.88,13.28,us-101,1118847243.6,,,,,,inf,False,True,False,False,933.487,False,lane_change,-27.198999999999955
990,2647,460,1118847243600,18.056,946.685,6451801.977,1872719.108,20.0,7.4,2,45.13,2.0,2,,,,,,,983,991,75.66,1.68,us-101,1118847243.6,,,,,,inf,False,False,False,False,933.487,False,lane_change,13.197999999999979
991,2647,454,1118847243600,17.195,885.787,6451756.573,1872759.893,13.0,7.4,2,39.47,6.3,2,,,,,,,990,"1,001",60.9,1.54,us-101,1118847243.6,990.0,60.89799999999991,45.13,-5.660000000000004,1.5428933367114241,inf,False,False,False,True,933.487,False,lane_change,-47.69999999999993
992,2647,479,1118847243600,52.198,889.732,6451736.418,1872731.004,16.5,8.4,2,40.0,0.0,5,,,,,,,982,998,150.91,3.77,us-101,1118847243.6,,,,,,inf,False,False,False,False,933.487,False,lane_change,-43.754999999999995
998,2647,479,1118847243600,51.823,835.226,6451695.744,1872767.284,13.5,6.9,2,40.02,0.08,5,,,,,,,992,"1,002",54.51,1.36,us-101,1118847243.6,992.0,54.50599999999997,40.0,0.020000000000003126,1.361969015492253,2725.2999999995727,False,False,False,True,933.487,False,lane_change,-98.26099999999997
1000,2647,470,1118847243600,42.288,835.302,6451702.103,1872774.389,50.0,8.5,3,40.33,-1.06,4,,,,,,,986,"1,007",98.19,2.43,us-101,1118847243.6,986.0,98.18499999999995,40.0,0.3299999999999983,2.4345400446317864,297.5303030303044,False,False,False,False,933.487,False,lane_change,-98.18499999999995
971,2648,582,1118847243700,6.139,955.806,6451816.664,1872722.131,16.0,8.4,2,29.98,-0.03,1,,,,,,,966,980,99.87,3.33,us-101,1118847243.7,,,,,,inf,False,False,False,False,937.488,False,lane_change,18.317999999999984
980,2648,598,1118847243700,6.238,905.81,6451778.849,1872754.891,16.0,8.4,2,24.38,5.86,1,,,,,,,971,987,50.0,2.05,us-101,1118847243.7,971.0,49.996000000000095,29.98,-5.600000000000001,2.0506972928630063,inf,False,False,False,False,937.488,False,lane_change,-31.67800000000011
986,2648,481,1118847243700,44.233,937.488,6451777.844,1872705.401,24.5,8.5,3,39.98,-0.27,4,,,,,,,981,"1,000",163.66,4.09,us-101,1118847243.7,,,,,,inf,False,False,False,False,937.488,True,lane_change,0.0
987,2648,597,1118847243700,5.356,856.979,6451742.766,1872787.807,14.5,6.9,2,18.33,8.24,1,,,,,,,980,997,48.83,2.66,us-101,1118847243.7,980.0,48.830999999999904,24.38,-6.050000000000001,2.6639934533551504,inf,False,False,False,False,937.488,False,lane_change,-80.50900000000001
989,2648,625,1118847243700,31.91,907.731,6451763.375,1872734.312,57.5,8.5,3,14.5,-1.48,3,,,,,,,977,996,197.43,13.62,us-101,1118847243.7,,,,,,inf,False,False,False,False,937.488,False,lane_change,-29.757000000000062
990,2648,460,1118847243700,18.092,951.183,6451805.327,1872716.148,20.0,7.4,2,45.55,5.99,2,,,,,,,983,991,76.03,1.67,us-101,1118847243.7,,,,,,inf,False,False,False,False,937.488,False,lane_change,13.694999999999936
991,2648,454,1118847243700,17.205,889.795,6451759.592,1872757.224,13.0,7.4,2,39.9,2.05,2,,,,,,,990,"1,001",61.39,1.54,us-101,1118847243.7,990.0,61.388000000000034,45.55,-5.649999999999999,1.5385463659147878,inf,False,False,False,True,937.488,False,lane_change,-47.6930000000001
992,2648,479,1118847243700,52.208,893.732,6451739.415,1872728.355,16.5,8.4,2,40.0,0.0,5,,,,,,,982,998,150.9,3.77,us-101,1118847243.7,,,,,,inf,False,False,False,False,937.488,False,lane_change,-43.756000000000085
998,2648,479,1118847243700,51.832,839.231,6451698.741,1872764.635,13.5,6.9,2,40.02,-0.26,5,,,,,,,992,"1,002",54.5,1.36,us-101,1118847243.7,992.0,54.500999999999976,40.0,0.020000000000003126,1.3618440779610188,2725.0499999995727,False,False,False,True,937.488,False,lane_change,-98.25700000000006
1000,2648,470,1118847243700,42.198,839.329,6451705.182,1872771.8,50.0,8.5,3,40.27,-0.68,4,,,,,,,986,"1,007",98.16,2.44,us-101,1118847243.7,986.0,98.1590000000001,39.98,0.29000000000000625,2.4375217283337496,338.47931034482065,False,False,False,False,937.488,False,lane_change,-98.1590000000001
971,2649,582,1118847243800,6.164,958.79,6451818.912,1872720.144,16.0,8.4,2,30.11,2.14,1,,,,,,,966,980,101.38,3.37,us-101,1118847243.8,,,,,,inf,False,False,False,False,941.484,False,lane_change,17.305999999999926
980,2649,598,1118847243800,6.244,908.303,6451780.744,1872753.216,16.0,8.4,2,24.8,2.13,1,,,,,,,971,987,50.49,2.04,us-101,1118847243.8,971.0,50.486999999999966,30.11,-5.309999999999999,2.0357661290322566,inf,False,False,False,False,941.484,False,lane_change,-33.18100000000004
986,2649,481,1118847243800,44.266,941.484,6451780.841,1872702.752,24.5,8.5,3,39.97,-0.08,4,,,,,,,981,"1,000",164.16,4.11,us-101,1118847243.8,,,,,,inf,False,False,False,False,941.484,True,lane_change,0.0
987,2649,597,1118847243800,5.36,858.862,6451744.172,1872786.564,14.5,6.9,2,19.08,6.92,1,,,,,,,980,997,49.44,2.59,us-101,1118847243.8,980.0,49.44100000000003,24.8,-5.720000000000002,2.5912473794549284,inf,False,False,False,False,941.484,False,lane_change,-82.62200000000007
989,2649,625,1118847243800,31.919,909.157,6451764.499,1872733.318,57.5,8.5,3,14.5,1.44,3,,,,,,,977,996,200.01,13.79,us-101,1118847243.8,,,,,,inf,False,False,False,False,941.484,False,lane_change,-32.327
990,2649,460,1118847243800,18.089,955.739,6451808.759,1872713.168,20.0,7.4,2,46.33,10.19,2,,,,,,,983,991,76.44,1.65,us-101,1118847243.8,,,,,,inf,False,False,False,False,941.484,False,lane_change,14.254999999999995
991,2649,454,1118847243800,17.215,893.812,6451762.589,1872754.574,13.0,7.4,2,40.03,-0.11,2,,,,,,,990,"1,001",61.93,1.55,us-101,1118847243.8,990.0,61.92700000000002,46.33,-6.299999999999997,1.5470147389457911,inf,False,False,False,True,941.484,False,lane_change,-47.672000000000025
992,2649,479,1118847243800,52.217,897.75,6451742.412,1872725.706,16.5,8.4,2,39.83,-2.67,5,,,,,,,982,998,150.87,3.79,us-101,1118847243.8,,,,,,inf,False,False,False,False,941.484,False,lane_change,-43.73400000000004
998,2649,479,1118847243800,51.842,843.23,6451701.738,1872761.986,13.5,6.9,2,40.0,-0.03,5,,,,,,,992,"1,002",54.52,1.36,us-101,1118847243.8,992.0,54.51999999999998,39.83,0.1700000000000017,1.3629999999999995,320.70588235293786,False,False,False,True,941.484,False,lane_change,-98.25400000000002
1000,2649,470,1118847243800,42.075,843.345,6451708.27,1872769.248,50.0,8.5,3,40.26,0.49,4,,,,,,,986,"1,007",98.14,2.44,us-101,1118847243.8,986.0,98.13900000000001,39.97,0.28999999999999915,2.4376304023845012,338.4103448275872,False,False,False,False,941.484,False,lane_change,-98.13900000000001
971,2650,582,1118847243900,6.188,961.787,6451821.137,1872718.177,16.0,8.4,2,30.52,5.86,1,,,,,,,966,980,102.88,3.37,us-101,1118847243.9,,,,,,inf,False,False,False,False,945.467,False,lane_change,16.32000000000005
980,2650,598,1118847243900,6.265,910.807,6451782.617,1872751.56,16.0,8.4,2,24.95,0.41,1,,,,,,,971,987,50.98,2.04,us-101,1118847243.9,971.0,50.98000000000002,30.52,-5.57,2.0432865731462933,inf,False,False,False,False,945.467,False,lane_change,-34.65999999999997
986,2650,481,1118847243900,44.299,945.467,6451783.838,1872700.103,24.5,8.5,3,40.1,2.06,4,,,,,,,981,"1,000",164.68,4.11,us-101,1118847243.9,,,,,,inf,False,False,False,False,945.467,True,lane_change,0.0
987,2650,597,1118847243900,5.381,860.822,6451745.625,1872785.258,14.5,6.9,2,19.63,4.33,1,,,,,,,980,997,49.99,2.55,us-101,1118847243.9,980.0,49.985000000000014,24.95,-5.32,2.5463576158940406,inf,False,False,False,False,945.467,False,lane_change,-84.64499999999998
989,2650,625,1118847243900,31.931,910.599,6451765.623,1872732.325,57.5,8.5,3,14.66,3.06,3,,,,,,,977,996,202.57,13.82,us-101,1118847243.9,,,,,,inf,False,False,False,False,945.467,False,lane_change,-34.86799999999994
990,2650,460,1118847243900,18.118,960.419,6451812.274,1872710.075,20.0,7.4,2,47.33,10.53,2,,,,,,,983,991,76.76,1.62,us-101,1118847243.9,,,,,,inf,False,False,False,False,945.467,False,lane_change,14.951999999999998
991,2650,454,1118847243900,17.225,897.822,6451765.586,1872751.925,13.0,7.4,2,39.96,-1.17,2,,,,,,,990,"1,001",62.6,1.57,us-101,1118847243.9,990.0,62.59699999999998,47.33,-7.369999999999997,1.566491491491491,inf,False,False,False,True,945.467,False,lane_change,-47.64499999999998
992,2650,479,1118847243900,52.227,901.733,6451745.409,1872723.057,16.5,8.4,2,39.45,-5.01,5,,,,,,,982,998,150.89,3.82,us-101,1118847243.9,,,,,,inf,False,True,False,False,945.467,False,lane_change,-43.73400000000004
998,2650,479,1118847243900,51.851,847.23,6451704.735,1872759.337,13.5,6.9,2,40.0,0.0,5,,,,,,,992,"1,002",54.5,1.36,us-101,1118847243.9,992.0,54.50299999999993,39.45,0.5499999999999972,1.3625749999999983,99.09636363636402,False,False,False,True,945.467,False,lane_change,-98.23699999999997
1000,2650,470,1118847243900,41.988,847.372,6451711.347,1872766.657,50.0,8.5,3,40.28,0.48,4,,,,,,,986,"1,007",98.09,2.44,us-101,1118847243.9,986.0,98.09500000000003,40.1,0.17999999999999972,2.4353277060575973,544.9722222222232,False,False,False,False,945.467,False,lane_change,-98.09500000000003
971,2651,582,1118847244000,6.183,964.847,6451823.445,1872716.178,16.0,8.4,2,31.23,8.92,1,,,,,,,966,980,104.37,3.34,us-101,1118847244.0,,,,,,inf,False,False,False,False,949.458,False,lane_change,15.38900000000001
980,2651,598,1118847244000,6.286,913.306,6451784.49,1872749.904,16.0,8.4,2,24.98,0.17,1,,,,,,,971,987,51.54,2.06,us-101,1118847244.0,971.0,51.54099999999994,31.23,-6.25,2.0632906325060025,inf,False,False,False,False,949.458,False,lane_change,-36.15199999999993
986,2651,481,1118847244000,44.332,949.458,6451786.813,1872697.473,24.5,8.5,3,40.55,6.56,4,,,,,,,981,"1,000",165.19,4.07,us-101,1118847244.0,,,,,,inf,False,False,False,False,949.458,True,lane_change,0.0
987,2651,597,1118847244000,5.387,862.824,6451747.145,1872783.914,14.5,6.9,2,19.93,1.6,1,,,,,,,980,997,50.48,2.53,us-101,1118847244.0,980.0,50.482000000000085,24.98,-5.050000000000001,2.532965378825895,inf,False,False,False,False,949.458,False,lane_change,-86.63400000000001
989,2651,625,1118847244000,31.944,912.088,6451766.746,1872731.331,57.5,8.5,3,14.9,1.65,3,,,,,,,977,996,205.08,13.76,us-101,1118847244.0,,,,,,inf,False,False,False,False,949.458,False,lane_change,-37.370000000000005
990,2651,460,1118847244000,18.191,965.232,6451815.858,1872706.862,20.0,7.4,2,48.12,6.15,2,,,,,,,983,991,76.92,1.6,us-101,1118847244.0,,,,,,inf,False,False,False,False,949.458,False,lane_change,15.774000000000001
991,2651,454,1118847244000,17.234,901.815,6451768.583,1872749.276,13.0,7.4,2,39.82,-1.65,2,,,,,,,990,"1,001",63.42,1.59,us-101,1118847244.0,990.0,63.416999999999916,48.12,-8.299999999999997,1.5925916624811631,inf,False,False,False,True,949.458,False,lane_change,-47.642999999999915
992,2651,479,1118847244000,52.237,905.639,6451748.406,1872720.407,16.5,8.4,2,39.18,-2.4,5,,,,,,,982,998,150.99,3.85,us-101,1118847244.0,,,,,,inf,False,False,False,False,949.458,False,lane_change,-43.81899999999996
998,2651,479,1118847244000,51.861,851.23,6451707.732,1872756.687,13.5,6.9,2,40.0,0.0,5,,,,,,,992,"1,002",54.41,1.36,us-101,1118847244.0,992.0,54.40899999999999,39.18,0.8200000000000003,1.3602249999999998,66.35243902439021,False,False,False,True,949.458,False,lane_change,-98.22799999999995
1000,2651,470,1118847244000,41.955,851.414,6451714.414,1872764.003,50.0,8.5,3,40.22,-1.44,4,,,,,,,986,"1,007",98.04,2.44,us-101,1118847244.0,986.0,98.04399999999998,40.55,-0.3299999999999983,2.4376926902038782,inf,False,False,False,False,949.458,False,lane_change,-98.04399999999998
971,2652,582,1118847244100,6.189,968.012,6451825.836,1872714.091,16.0,8.4,2,32.1,9.07,1,,,,,,,966,980,105.9,3.3,us-101,1118847244.1,,,,,,inf,False,False,False,False,953.519,False,lane_change,14.492999999999938
980,2652,598,1118847244100,6.306,915.807,6451786.363,1872748.249,16.0,8.4,2,24.98,-0.14,1,,,,,,,971,987,52.21,2.09,us-101,1118847244.1,971.0,52.20499999999993,32.1,-7.120000000000001,2.0898718975180115,inf,False,False,False,False,953.519,False,lane_change,-37.71199999999999
986,2652,481,1118847244100,44.325,953.519,6451789.871,1872694.825,24.5,8.5,3,41.38,10.48,4,,,,,,,981,"1,000",165.63,4,us-101,1118847244.1,,,,,,inf,False,False,False,False,953.519,True,lane_change,0.0
987,2652,597,1118847244100,5.391,864.837,6451748.644,1872782.59,14.5,6.9,2,20.03,-0.07,1,,,,,,,980,997,50.97,2.54,us-101,1118847244.1,980.0,50.97000000000003,24.98,-4.949999999999999,2.544682975536696,inf,False,False,False,False,953.519,False,lane_change,-88.68200000000002
989,2652,625,1118847244100,31.956,913.599,6451767.87,1872730.338,57.5,8.5,3,15.0,0.0,3,,,,,,,977,996,207.56,13.84,us-101,1118847244.1,,,,,,inf,False,False,False,False,953.519,False,lane_change,-39.91999999999996
990,2652,460,1118847244100,18.224,970.114,6451819.542,1872703.617,20.0,7.4,2,48.44,0.18,2,,,,,,,983,991,76.93,1.59,us-101,1118847244.1,,,,,,inf,False,False,False,False,953.519,False,lane_change,16.595000000000027
991,2652,454,1118847244100,17.244,905.783,6451771.58,1872746.627,13.0,7.4,2,39.73,-0.76,2,,,,,,,990,"1,001",64.33,1.62,us-101,1118847244.1,990.0,64.33100000000002,48.44,-8.71,1.6192046312610124,inf,False,False,False,True,953.519,False,lane_change,-47.73599999999999
992,2652,479,1118847244100,52.254,909.517,6451751.403,1872717.758,16.5,8.4,2,39.18,2.4,5,,,,,,,982,998,151.11,3.86,us-101,1118847244.1,,,,,,inf,False,False,False,False,953.519,False,lane_change,-44.00199999999995
998,2652,479,1118847244100,51.871,855.23,6451710.729,1872754.038,13.5,6.9,2,40.0,0.0,5,,,,,,,992,"1,002",54.29,1.36,us-101,1118847244.1,992.0,54.287000000000035,39.18,0.8200000000000003,1.357175000000001,66.20365853658538,False,False,False,True,953.519,False,lane_change,-98.28899999999999
1000,2652,470,1118847244100,42.023,855.441,6451717.398,1872761.287,50.0,8.5,3,40.0,-3.22,4,,,,,,,986,"1,007",98.08,2.45,us-101,1118847244.1,986.0,98.07799999999997,41.38,-1.3800000000000026,2.451949999999999,inf,False,True,False,False,953.519,False,lane_change,-98.07799999999997
971,2653,582,1118847244200,6.194,971.286,6451828.304,1872711.939,16.0,8.4,2,32.85,6.19,1,,,,,,,966,980,107.43,3.27,us-101,1118847244.2,,,,,,inf,False,False,False,False,957.706,False,lane_change,13.579999999999927
980,2653,598,1118847244200,6.327,918.303,6451788.236,1872746.593,16.0,8.4,2,24.97,-0.08,1,,,,,,,971,987,52.98,2.12,us-101,1118847244.2,971.0,52.98299999999995,32.85,-7.880000000000003,2.121866239487383,inf,False,False,False,False,957.706,False,lane_change,-39.40300000000002
986,2653,481,1118847244200,44.338,957.706,6451793.015,1872692.075,24.5,8.5,3,42.37,10.57,4,,,,,,,981,"1,000",165.94,3.92,us-101,1118847244.2,,,,,,inf,False,False,False,False,957.706,True,lane_change,0.0
987,2653,597,1118847244200,5.396,866.842,6451750.142,1872781.265,14.5,6.9,2,20.02,-0.25,1,,,,,,,980,997,51.46,2.57,us-101,1118847244.2,980.0,51.46100000000001,24.97,-4.949999999999999,2.570479520479521,inf,False,False,False,False,957.706,False,lane_change,-90.86400000000003
989,2653,625,1118847244200,31.969,915.099,6451768.994,1872729.344,57.5,8.5,3,15.0,0.0,3,,,,,,,977,996,210.06,14,us-101,1118847244.2,,,,,,inf,False,False,False,False,957.706,False,lane_change,-42.60699999999997
990,2653,460,1118847244200,18.182,974.983,6451823.255,1872700.445,20.0,7.4,2,48.34,-3.14,2,,,,,,,983,991,76.85,1.59,us-101,1118847244.2,,,,,,inf,False,True,False,False,957.706,False,lane_change,17.27699999999993
991,2653,454,1118847244200,17.262,909.743,6451774.577,1872743.978,13.0,7.4,2,39.73,0.8,2,,,,,,,990,"1,001",65.24,1.64,us-101,1118847244.2,990.0,65.2399999999999,48.34,-8.610000000000007,1.642084067455321,inf,False,False,False,True,957.706,False,lane_change,-47.962999999999965
992,2653,479,1118847244200,52.287,913.423,6451754.4,1872715.109,16.5,8.4,2,39.45,5.01,5,,,,,,,982,998,151.2,3.83,us-101,1118847244.2,,,,,,inf,False,False,False,False,957.706,False,lane_change,-44.283000000000015
998,2653,479,1118847244200,51.88,859.23,6451713.726,1872751.389,13.5,6.9,2,40.0,0.0,5,,,,,,,992,"1,002",54.19,1.35,us-101,1118847244.2,992.0,54.192999999999984,39.45,0.5499999999999972,1.3548249999999995,98.53272727272775,False,False,False,True,957.706,False,lane_change,-98.476
1000,2653,470,1118847244200,42.112,859.425,6451720.336,1872758.585,50.0,8.5,3,39.72,-3.0,4,,,,,,,986,"1,007",98.28,2.47,us-101,1118847244.2,986.0,98.28100000000006,42.37,-2.6499999999999986,2.47434541792548,inf,False,True,False,False,957.706,False,lane_change,-98.28100000000006
971,2654,582,1118847244300,6.152,974.625,6451830.859,1872709.774,16.0,8.4,2,33.28,2.56,1,,,,,,,966,980,109.04,3.28,us-101,1118847244.3,,,,,,inf,False,False,False,False,962.016,False,lane_change,12.609000000000037
980,2654,598,1118847244300,6.348,920.787,6451790.109,1872744.937,16.0,8.4,2,25.1,2.04,1,,,,,,,971,987,53.84,2.14,us-101,1118847244.3,971.0,53.837999999999965,33.28,-8.18,2.144940239043823,inf,False,False,False,False,962.016,False,lane_change,-41.22899999999993
986,2654,481,1118847244300,44.395,962.016,6451796.265,1872689.174,24.5,8.5,3,43.26,7.36,4,,,,,,,981,"1,000",166.13,3.84,us-101,1118847244.3,,,,,,inf,False,False,False,False,962.016,True,lane_change,0.0
987,2654,597,1118847244300,5.401,868.842,6451751.641,1872779.94,14.5,6.9,2,19.98,-0.25,1,,,,,,,980,997,51.95,2.6,us-101,1118847244.3,980.0,51.94500000000005,25.1,-5.120000000000001,2.599849849849852,inf,False,False,False,False,962.016,False,lane_change,-93.17399999999998
989,2654,625,1118847244300,31.981,916.599,6451770.118,1872728.351,57.5,8.5,3,15.0,0.0,3,,,,,,,977,996,212.56,14.17,us-101,1118847244.3,,,,,,inf,False,False,False,False,962.016,False,lane_change,-45.416999999999916
990,2654,460,1118847244300,18.113,979.796,6451826.916,1872697.354,20.0,7.4,2,48.13,-1.85,2,,,,,,,983,991,76.74,1.59,us-101,1118847244.3,,,,,,inf,False,False,False,False,962.016,False,lane_change,17.780000000000086
991,2654,454,1118847244300,17.296,913.714,6451777.574,1872741.328,13.0,7.4,2,39.8,1.37,2,,,,,,,990,"1,001",66.08,1.66,us-101,1118847244.3,990.0,66.082,48.13,-8.330000000000005,1.6603517587939698,inf,False,False,False,True,962.016,False,lane_change,-48.30199999999991
992,2654,479,1118847244300,52.32,917.406,6451757.397,1872712.46,16.5,8.4,2,39.83,2.67,5,,,,,,,982,998,151.22,3.8,us-101,1118847244.3,,,,,,inf,False,False,False,False,962.016,False,lane_change,-44.610000000000014
998,2654,479,1118847244300,51.891,863.229,6451716.722,1872748.74,13.5,6.9,2,40.0,0.02,5,,,,,,,992,"1,002",54.18,1.35,us-101,1118847244.3,992.0,54.17699999999991,39.83,0.1700000000000017,1.3544249999999978,318.6882352941139,False,False,False,True,962.016,False,lane_change,-98.78699999999992
1000,2654,470,1118847244300,42.182,863.377,6451723.23,1872755.946,50.0,8.5,3,39.45,-2.2,4,,,,,,,986,"1,007",98.64,2.5,us-101,1118847244.3,986.0,98.63900000000001,43.26,-3.809999999999995,2.5003548795944233,inf,False,False,False,False,962.016,False,lane_change,-98.63900000000001
971,2655,582,1118847244400,6.025,977.984,6451833.486,1872707.659,16.0,8.4,2,33.44,0.07,1,,,,,,,966,980,110.69,3.31,us-101,1118847244.4,,,,,,inf,False,False,False,False,966.411,False,lane_change,11.573000000000093
980,2655,598,1118847244400,6.368,923.28,6451791.961,1872743.301,16.0,8.4,2,25.53,6.26,1,,,,,,,971,987,54.7,2.14,us-101,1118847244.4,971.0,54.704000000000065,33.44,-7.909999999999997,2.1427340383862146,inf,False,False,False,False,966.411,False,lane_change,-43.13099999999997
986,2655,481,1118847244400,44.713,966.411,6451799.352,1872686.069,24.5,8.5,3,43.76,2.63,4,,,,,,,981,"1,000",166.24,3.8,us-101,1118847244.4,,,,,,inf,False,False,False,False,966.411,True,lane_change,0.0
987,2655,597,1118847244400,5.406,870.837,6451753.139,1872778.616,14.5,6.9,2,19.97,-0.08,1,,,,,,,980,997,52.44,2.63,us-101,1118847244.4,980.0,52.442999999999984,25.53,-5.560000000000002,2.62608913370055,inf,False,False,False,False,966.411,False,lane_change,-95.57399999999996
989,2655,625,1118847244400,31.993,918.099,6451771.242,1872727.358,57.5,8.5,3,15.0,0.0,3,,,,,,,977,996,215.06,14.34,us-101,1118847244.4,,,,,,inf,False,False,False,False,966.411,False,lane_change,-48.3119999999999
990,2655,460,1118847244400,18.016,984.575,6451830.577,1872694.3,20.0,7.4,2,48.14,2.06,2,,,,,,,983,991,76.58,1.59,us-101,1118847244.4,,,,,,inf,False,False,False,False,966.411,False,lane_change,18.1640000000001
991,2655,454,1118847244400,17.329,917.704,6451780.571,1872738.679,13.0,7.4,2,39.92,0.78,2,,,,,,,990,"1,001",66.87,1.68,us-101,1118847244.4,990.0,66.8710000000001,48.14,-8.219999999999999,1.6751252505010044,inf,False,False,False,True,966.411,False,lane_change,-48.706999999999994
992,2655,479,1118847244400,52.353,921.424,6451760.394,1872709.811,16.5,8.4,2,40.0,0.0,5,,,,,,,982,998,151.2,3.78,us-101,1118847244.4,,,,,,inf,False,False,False,False,966.411,False,lane_change,-44.986999999999966
998,2655,479,1118847244400,51.9,867.229,6451719.719,1872746.091,13.5,6.9,2,40.0,0.02,5,,,,,,,992,"1,002",54.2,1.35,us-101,1118847244.4,992.0,54.194999999999936,40.0,0.0,1.3548749999999985,inf,False,False,False,True,966.411,False,lane_change,-99.1819999999999
1000,2655,470,1118847244400,42.191,867.312,6451726.191,1872753.329,50.0,8.5,3,39.18,-2.62,4,,,,,,,986,"1,007",99.1,2.53,us-101,1118847244.4,986.0,99.09899999999993,43.76,-4.579999999999998,2.5293261868300134,inf,False,False,False,False,966.411,False,lane_change,-99.09899999999993
971,2656,582,1118847244500,5.894,981.334,6451836.086,1872705.572,16.0,8.4,2,33.42,-0.63,1,,,,,,,959,980,152.86,4.57,us-101,1118847244.5,,,,,,inf,False,False,False,False,970.83,False,lane_change,10.503999999999905
980,2656,598,1118847244500,6.348,925.834,6451793.895,1872741.646,16.0,8.4,2,26.36,10.7,1,,,,,,,971,987,55.5,2.11,us-101,1118847244.5,971.0,55.5,33.42,-7.060000000000002,2.10546282245827,inf,False,False,False,False,970.83,False,lane_change,-44.996000000000095
986,2656,481,1118847244500,45.196,970.83,6451802.374,1872682.802,24.5,8.5,3,43.81,-1.66,5,,,,,,,982,992,105.8,2.41,us-101,1118847244.5,,,,,,inf,False,False,True,False,970.83,True,lane_change,0.0
987,2656,597,1118847244500,5.41,872.821,6451754.638,1872777.291,14.5,6.9,2,20.1,2.03,1,,,,,,,980,997,53.01,2.64,us-101,1118847244.5,980.0,53.01299999999992,26.36,-6.259999999999998,2.63746268656716,inf,False,False,False,False,970.83,False,lane_change,-98.00900000000001
989,2656,625,1118847244500,32.006,919.599,6451772.366,1872726.364,57.5,8.5,3,15.0,0.0,3,,,,,,,977,996,217.56,14.5,us-101,1118847244.5,,,,,,inf,False,False,False,False,970.83,False,lane_change,-51.230999999999995
990,2656,460,1118847244500,18.001,989.378,6451834.21,1872691.162,20.0,7.4,2,48.48,5.06,2,,,,,,,983,991,76.32,1.57,us-101,1118847244.5,,,,,,inf,False,False,False,False,970.83,False,lane_change,18.548000000000002
991,2656,454,1118847244500,17.362,921.696,6451783.568,1872736.03,13.0,7.4,2,40.07,1.6,2,,,,,,,990,"1,001",67.68,1.69,us-101,1118847244.5,990.0,67.68200000000002,48.48,-8.409999999999997,1.6890940853506369,inf,False,False,False,True,970.83,False,lane_change,-49.134000000000015
992,2656,479,1118847244500,52.387,925.424,6451763.391,1872707.161,16.5,8.4,2,40.0,0.0,5,,,,,,,986,998,45.41,1.14,us-101,1118847244.5,986.0,45.40600000000006,43.81,-3.8100000000000023,1.1351500000000017,inf,False,False,False,True,970.83,False,lane_change,-45.40600000000006
998,2656,479,1118847244500,51.91,871.23,6451722.716,1872743.441,13.5,6.9,2,40.0,0.0,5,,,,,,,992,"1,002",54.19,1.35,us-101,1118847244.5,992.0,54.19399999999996,40.0,0.0,1.354849999999999,inf,False,False,False,True,970.83,False,lane_change,-99.60000000000002
1000,2656,470,1118847244500,42.128,871.221,6451729.184,1872750.78,50.0,8.5,3,38.9,-3.26,4,,,,,,,981,"1,007",265.93,6.84,us-101,1118847244.5,,,,,,inf,False,True,False,False,970.83,False,lane_change,-99.60900000000004
971,2657,582,1118847244600,5.784,984.669,6451838.68,1872703.463,16.0,8.4,2,33.4,0.02,1,,,,,,,959,980,152.52,4.57,us-101,1118847244.6,,,,,,inf,False,False,False,False,975.218,False,lane_change,9.451000000000022
980,2657,598,1118847244600,6.348,928.526,6451795.915,1872739.89,16.0,8.4,2,27.5,11.2,1,,,,,,,971,987,56.14,2.04,us-101,1118847244.6,971.0,56.14300000000003,33.4,-5.899999999999999,2.0415636363636374,inf,False,False,False,False,975.218,False,lane_change,-46.69200000000001
986,2657,481,1118847244600,45.871,975.218,6451805.267,1872679.393,24.5,8.5,3,43.55,-4.02,5,,,,,,,982,992,105.41,2.42,us-101,1118847244.6,,,,,,inf,False,True,False,False,975.218,True,lane_change,0.0
989,2657,625,1118847244600,32.018,921.099,6451773.49,1872725.371,57.5,8.5,3,15.0,0.0,3,,,,,,,977,996,220.06,14.67,us-101,1118847244.6,,,,,,inf,False,False,False,False,975.218,False,lane_change,-54.118999999999915
990,2657,460,1118847244600,18.169,994.245,6451837.777,1872687.838,20.0,7.4,2,49.0,5.81,2,,,,,,,983,991,75.95,1.55,us-101,1118847244.6,,,,,,inf,False,False,False,False,975.218,False,lane_change,19.027000000000044
991,2657,454,1118847244600,17.394,925.693,6451786.543,1872733.401,13.0,7.4,2,40.37,4.34,2,,,,,,,990,"1,001",68.55,1.7,us-101,1118847244.6,990.0,68.55200000000002,49.0,-8.630000000000003,1.6980926430517718,inf,False,False,False,True,975.218,False,lane_change,-49.52499999999998
992,2657,479,1118847244600,52.421,929.423,6451766.387,1872704.512,16.5,8.4,2,40.0,0.0,5,,,,,,,986,998,45.79,1.14,us-101,1118847244.6,986.0,45.79499999999996,43.55,-3.549999999999997,1.144874999999999,inf,False,False,False,True,975.218,False,lane_change,-45.79499999999996
998,2657,479,1118847244600,51.92,875.23,6451725.713,1872740.792,13.5,6.9,2,40.0,-0.03,5,,,,,,,992,"1,002",54.19,1.35,us-101,1118847244.6,992.0,54.192999999999984,40.0,0.0,1.3548249999999995,inf,False,False,False,True,975.218,False,lane_change,-99.98799999999994
971,2658,582,1118847244700,5.67,987.996,6451841.269,1872701.364,16.0,8.4,2,33.51,1.99,1,,,,,,,959,980,152.2,4.54,us-101,1118847244.7,,,,,,inf,False,False,False,False,979.553,False,lane_change,8.442999999999984
980,2658,598,1118847244700,6.394,931.334,6451798.016,1872738.003,16.0,8.4,2,28.63,10.71,1,,,,,,,971,987,56.66,1.98,us-101,1118847244.7,971.0,56.662000000000035,33.51,-4.879999999999999,1.979112818721622,inf,False,False,False,True,979.553,False,lane_change,-48.21900000000005
986,2658,481,1118847244700,46.315,979.553,6451808.228,1872676.231,24.5,8.5,3,43.2,-3.65,5,,,,,,,982,992,105.07,2.43,us-101,1118847244.7,,,,,,inf,False,True,False,False,979.553,True,lane_change,0.0
989,2658,625,1118847244700,32.031,922.599,6451774.613,1872724.377,57.5,8.5,3,15.0,0.0,3,,,,,,,977,996,222.56,14.84,us-101,1118847244.7,,,,,,inf,False,False,False,False,979.553,False,lane_change,-56.95399999999995
990,2658,460,1118847244700,18.458,999.182,6451841.297,1872684.392,20.0,7.4,2,49.51,4.59,2,,,,,,,983,991,75.5,1.52,us-101,1118847244.7,,,,,,inf,False,False,False,False,979.553,False,lane_change,19.62900000000002
991,2658,454,1118847244700,17.413,929.734,6451789.585,1872730.732,13.0,7.4,2,40.92,6.94,2,,,,,,,990,"1,001",69.45,1.7,us-101,1118847244.7,990.0,69.44799999999998,49.51,-8.589999999999996,1.6971652003910063,inf,False,False,False,True,979.553,False,lane_change,-49.81899999999996
992,2658,479,1118847244700,52.454,933.423,6451769.384,1872701.863,16.5,8.4,2,40.0,0.0,5,,,,,,,986,998,46.13,1.15,us-101,1118847244.7,986.0,46.129999999999995,43.2,-3.200000000000003,1.1532499999999999,inf,False,False,False,True,979.553,False,lane_change,-46.129999999999995
971,2659,582,1118847244800,5.56,991.335,6451843.863,1872699.255,16.0,8.4,2,33.9,5.45,1,,,,,,,959,980,151.86,4.48,us-101,1118847244.8,,,,,,inf,False,False,False,False,983.838,False,lane_change,7.497000000000071
980,2659,598,1118847244800,6.46,934.279,6451800.202,1872736.016,16.0,8.4,2,29.47,6.28,1,,,,,,,971,987,57.06,1.94,us-101,1118847244.8,971.0,57.05600000000004,33.9,-4.43,1.9360705802511042,inf,False,False,False,True,983.838,False,lane_change,-49.55899999999997
986,2659,481,1118847244800,46.557,983.838,6451811.297,1872673.242,24.5,8.5,3,42.97,-1.01,5,,,,,,,982,992,104.79,2.44,us-101,1118847244.8,,,,,,inf,False,False,False,False,983.838,True,lane_change,0.0
989,2659,625,1118847244800,32.043,924.099,6451775.737,1872723.384,57.5,8.5,3,15.0,0.0,3,,,,,,,977,996,225.06,15,us-101,1118847244.8,,,,,,inf,False,False,False,False,983.838,False,lane_change,-59.73899999999992
991,2659,454,1118847244800,17.446,933.85,6451792.675,1872728.002,13.0,7.4,2,41.67,8.26,2,,,,,,,990,"1,001",70.32,1.69,us-101,1118847244.8,,,,,,inf,False,False,False,False,983.838,False,lane_change,-49.98799999999994
992,2659,479,1118847244800,52.487,937.423,6451772.381,1872699.214,16.5,8.4,2,40.0,0.0,5,,,,,,,986,998,46.42,1.16,us-101,1118847244.8,986.0,46.414999999999964,42.97,-2.969999999999999,1.160374999999999,inf,False,False,False,True,983.838,False,lane_change,-46.414999999999964
971,2660,582,1118847244900,5.473,994.729,6451846.459,1872697.113,16.0,8.4,2,34.6,8.88,1,,,,,,,959,980,151.46,4.38,us-101,1118847244.9,,,,,,inf,False,False,False,False,988.11,False,lane_change,6.619000000000028
980,2660,598,1118847244900,6.485,937.286,6451802.472,1872734.009,16.0,8.4,2,29.9,2.05,1,,,,,,,971,987,57.44,1.92,us-101,1118847244.9,971.0,57.4430000000001,34.6,-4.700000000000003,1.9211705685618763,inf,False,False,False,True,988.11,False,lane_change,-50.82400000000007
986,2660,481,1118847244900,46.387,988.11,6451814.638,1872670.563,24.5,8.5,3,43.0,1.79,5,,,,,,,982,992,104.52,2.43,us-101,1118847244.9,,,,,,inf,False,False,False,False,988.11,True,lane_change,0.0
989,2660,625,1118847244900,32.056,925.599,6451776.861,1872722.39,57.5,8.5,3,15.0,0.0,3,,,,,,,977,996,227.56,15.17,us-101,1118847244.9,,,,,,inf,False,False,False,False,988.11,False,lane_change,-62.51099999999997
991,2660,454,1118847244900,17.479,938.057,6451795.822,1872725.222,13.0,7.4,2,42.5,8.45,2,,,,,,,990,"1,001",71.12,1.67,us-101,1118847244.9,,,,,,inf,False,False,False,False,988.11,False,lane_change,-50.053
992,2660,479,1118847244900,52.52,941.424,6451775.378,1872696.565,16.5,8.4,2,39.98,-0.24,5,,,,,,,986,998,46.69,1.17,us-101,1118847244.9,986.0,46.686000000000035,43.0,-3.020000000000003,1.1677338669334678,inf,False,False,False,True,988.11,False,lane_change,-46.686000000000035
971,2661,582,1118847245000,5.42,998.222,6451849.135,1872694.855,16.0,8.4,2,35.54,10.41,1,,,,,,,959,980,150.97,4.25,us-101,1118847245.0,,,,,,inf,False,False,False,False,992.405,False,lane_change,5.817000000000007
980,2661,598,1118847245000,6.51,940.303,6451804.72,1872732.022,16.0,8.4,2,30.03,-0.09,1,,,,,,,971,987,57.92,1.93,us-101,1118847245.0,971.0,57.91899999999998,35.54,-5.509999999999998,1.928704628704628,inf,False,False,False,True,992.405,False,lane_change,-52.101999999999975
986,2661,481,1118847245000,45.99,992.405,6451818.141,1872668.044,24.5,8.5,3,43.29,3.93,5,,,,,,,982,992,104.22,2.41,us-101,1118847245.0,,,,,,inf,False,False,False,False,992.405,True,lane_change,0.0
989,2661,625,1118847245000,32.068,927.099,6451777.985,1872721.397,57.5,8.5,3,15.0,0.0,3,,,,,,,977,996,230.06,15.34,us-101,1118847245.0,,,,,,inf,False,False,False,False,992.405,False,lane_change,-65.30599999999993
991,2661,454,1118847245000,17.517,942.35,6451799.043,1872722.372,13.0,7.4,2,43.33,8.25,2,,,,,,,990,"1,001",71.84,1.66,us-101,1118847245.0,,,,,,inf,False,False,False,False,992.405,False,lane_change,-50.05499999999995
992,2661,479,1118847245000,52.553,945.42,6451778.375,1872693.915,16.5,8.4,2,39.97,-0.08,5,,,,,,,986,998,46.99,1.18,us-101,1118847245.0,986.0,46.985000000000014,43.29,-3.3200000000000003,1.1755066299724797,inf,False,False,False,True,992.405,False,lane_change,-46.985000000000014
980,2662,598,1118847245100,6.535,943.307,6451806.967,1872730.035,16.0,8.4,2,30.01,-0.27,1,,,,,,,971,987,58.52,1.95,us-101,1118847245.1,,,,,,inf,False,False,False,False,996.742,False,lane_change,-53.434999999999945
986,2662,481,1118847245100,45.348,996.742,6451821.789,1872665.723,24.5,8.5,3,43.76,5.57,5,,,,,,,982,992,103.88,2.37,us-101,1118847245.1,,,,,,inf,False,False,False,False,996.742,True,lane_change,0.0
989,2662,625,1118847245100,32.081,928.599,6451779.109,1872720.403,57.5,8.5,3,15.0,0.0,3,,,,,,,977,996,232.59,15.51,us-101,1118847245.1,,,,,,inf,False,False,False,False,996.742,False,lane_change,-68.14299999999992
991,2662,454,1118847245100,17.554,946.734,6451802.322,1872719.473,13.0,7.4,2,44.07,6.79,2,,,,,,,990,"1,001",72.46,1.64,us-101,1118847245.1,,,,,,inf,False,False,False,False,996.742,False,lane_change,-50.007999999999925
992,2662,479,1118847245100,52.587,949.406,6451781.372,1872691.266,16.5,8.4,2,40.07,1.63,5,,,,,,,986,998,47.34,1.18,us-101,1118847245.1,986.0,47.33600000000001,43.76,-3.6899999999999977,1.1813326678312956,inf,False,False,False,True,996.742,False,lane_change,-47.33600000000001
